Customer Key,First Name,Last name,Registered Address,Registered City,Registered Province,Postal Code,Phone,Email,Gender,Age,latitude,longitude
1,Francoise,Rautenstrauch,[redacted],Windsor,ON,N8N 3N2,[redacted],[redacted],F,49,42.2946,-82.8667
2,Kendra,Loud,[redacted],Alcida,NB,E8J 2C4,[redacted],[redacted],Not Specified,46,47.7941,-65.8219
3,Lourdes,Bauswell,[redacted],Belleville,ON,K8P 1B3,[redacted],[redacted],F,58,44.1665,-77.4037
4,Hannah,Edmison,[redacted],Vancouver,BC,V5Z 3K2,[redacted],[redacted],M,66,49.2475,-123.121
5,Tom,Loeza,[redacted],LIle-Perrot,QC,J7V 4T4,[redacted],[redacted],M,52,45.4001,-74.0325
6,Queenie,Kramarczyk,[redacted],Swift Current,SK,S9H 4V2,[redacted],[redacted],F,46,50.2834,-107.8013
7,Hui,Portaro,[redacted],Baker Brook,NB,E7A 1T3,[redacted],[redacted],M,56,47.3,-68.7487
8,Josefa,Opitz,[redacted],Delhi,ON,N4B 1C4,[redacted],[redacted],Not Specified,64,42.8501,-80.4997
9,Lea,Steinhaus,[redacted],Bradford,ON,L3Z 2S4,[redacted],[redacted],F,57,44.1168,-79.5663
10,Paola,Vielma,[redacted],Aurora,ON,L4G 2J7,[redacted],[redacted],Not Specified,42,44.0001,-79.4663
11,Hortencia,Bresser,[redacted],New Waterford,NS,B1H 1Z4,[redacted],[redacted],M,38,46.2501,-60.0817
12,Leanna,Tijerina,[redacted],North York,ON,M9L 2T9,[redacted],[redacted],M,54,43.7598,-79.5565
13,Danilo,Pride,[redacted],Red Deer,AB,T4R 2H5,[redacted],[redacted],M,34,52.2424,-113.7784
14,Huey,Marcille,[redacted],Edmonton,AB,T5P 1G9,[redacted],[redacted],F,24,53.5463,-113.5957
15,Apolonia,Warne,[redacted],Fredericton,NB,E3G 0A3,[redacted],[redacted],F,60,46.0546,-66.7344
16,Chandra,Lagos,[redacted],Etobicoke,ON,M8Z 3P6,[redacted],[redacted],M,56,43.6256,-79.5231
17,Crissy,Pacholec,[redacted],Barrie,ON,L4N 6T7,[redacted],[redacted],F,25,44.3572,-79.6929
18,Gianna,Branin,[redacted],Calgary,AB,T2K 4X5,[redacted],[redacted],M,56,51.1111,-114.0477
19,Valentin,Billa,[redacted],Pangman,SK,S0C 2C0,[redacted],[redacted],F,40,49.3961,-103.2567
20,Ilona,Dudash,[redacted],Rouyn-Noranda,QC,J9X 3V4,[redacted],[redacted],M,35,48.2855,-78.8234
21,Willard,Lablanc,[redacted],Leduc,AB,T9E 5A6,[redacted],[redacted],Not Specified,34,53.2668,-113.552
22,Lauryn,Randol,[redacted],North Vancouver,BC,V7L 3X6,[redacted],[redacted],F,53,49.316,-123.0576
23,Laurena,Begin,[redacted],London,ON,N6A 1S5,[redacted],[redacted],M,44,42.9976,-81.2563
24,Elise,Michelle,[redacted],Hamilton,ON,L8R 3J3,[redacted],[redacted],F,54,43.2726,-79.8792
25,Corrie,Kardell,[redacted],Pierrefonds,QC,H9J 1W6,[redacted],[redacted],M,24,45.4501,-73.8659
26,Kimberely,Rabuse,[redacted],Windsor,ON,N8S 3R1,[redacted],[redacted],M,49,42.3283,-82.9472
27,Tish,Violett,[redacted],Laval,QC,H7W 5K7,[redacted],[redacted],F,19,45.5338,-73.7652
28,Hollis,Stanfield,[redacted],Yellowhead County,AB,T7E 3A7,[redacted],[redacted],F,52,53.5834,-116.4356
29,Andree,Christmann,[redacted],Strathroy,ON,N7G 3K6,[redacted],[redacted],M,38,42.9551,-81.6223
30,Lyla,Fucillo,[redacted],North River,NS,B6L 6N1,[redacted],[redacted],Not Specified,34,45.4093,-63.2114
31,Felton,Yafuso,[redacted],Ottawa,ON,K1Y 1M2,[redacted],[redacted],F,52,45.4023,-75.7329
32,Dell,Polino,[redacted],Becancour,QC,G9H 1H7,[redacted],[redacted],M,44,46.3334,-72.4324
33,Nohemi,Leko,[redacted],Sault Ste. Marie,ON,P6C 2C8,[redacted],[redacted],Not Specified,46,46.5353,-84.3732
34,Tambra,Lembke,[redacted],Salmon Arm,BC,V1E 4G9,[redacted],[redacted],M,31,50.6998,-119.2691
35,Vicki,Maikoksoong,[redacted],Richmond,BC,V7A 3N1,[redacted],[redacted],M,37,49.1205,-123.1171
36,Renato,Airhart,[redacted],Calgary,AB,T2A 2H9,[redacted],[redacted],M,57,51.0494,-113.9564
37,Lenita,Darbro,[redacted],Vernon,BC,V1T 7V8,[redacted],[redacted],M,19,50.2604,-119.2774
38,Barney,Hagen,[redacted],Saint-Hyacinthe,QC,J2S 2N3,[redacted],[redacted],Not Specified,23,45.6139,-72.9912
39,Matthew,Armacost,[redacted],Peterborough,ON,K9H 6C3,[redacted],[redacted],F,58,44.3245,-78.3184
40,Belen,Nelton,[redacted],Quesnel,BC,V2J 1N4,[redacted],[redacted],F,47,52.9784,-122.4931
41,Iesha,Wardle,[redacted],Etobicoke,ON,M8Z 2C1,[redacted],[redacted],F,44,43.6256,-79.5231
42,Francesco,Sarchet,[redacted],Regina,SK,S4T 4B1,[redacted],[redacted],M,28,50.4507,-104.665
43,Paulene,Rhule,[redacted],Matane,QC,G4W 3G6,[redacted],[redacted],M,33,48.8286,-67.522
44,Carole,Hughlett,[redacted],Abbotsford,BC,V2S 5R3,[redacted],[redacted],F,23,49.0423,-122.2835
45,Miss,Dunning,[redacted],Regina,SK,S4R 1J5,[redacted],[redacted],Not Specified,63,50.4855,-104.6163
46,Elfrieda,Hinsch,[redacted],Vernon,BC,V1T 4A3,[redacted],[redacted],F,47,50.2604,-119.2774
47,Edelmira,Calzado,[redacted],Regina,SK,S4R 3M1,[redacted],[redacted],M,19,50.4855,-104.6163
48,Jaime,Wasurick,[redacted],Saint-Damien,QC,J0K 2N1,[redacted],[redacted],Not Specified,43,46.7966,-73.8705
49,Lera,Hua,[redacted],Miramichi,NB,E1V 2N4,[redacted],[redacted],Not Specified,67,47.1942,-65.9381
50,Jame,Mastro,[redacted],Kitchener,ON,N2N 1Y6,[redacted],[redacted],M,62,43.426,-80.5438
51,Jillian,Hailstone,[redacted],Mississauga,ON,L4Z 2V7,[redacted],[redacted],F,29,43.6192,-79.6538
52,Louis,Zarling,[redacted],Stoneham-Et-Tewkesbury,QC,G3C 2A8,[redacted],[redacted],F,34,47.1691,-71.4332
53,Emmett,Mcshaw,[redacted],Sault Ste. Marie,ON,P6B 5Y2,[redacted],[redacted],M,35,46.5307,-84.3046
54,Tammy,Sams,[redacted],Nanaimo,BC,V9R 5W6,[redacted],[redacted],F,40,49.1609,-123.9825
55,Willis,Wylie,[redacted],Saint-Raymond,QC,G3L 3X9,[redacted],[redacted],F,28,47.2374,-71.8763
56,Maxima,Brzozowski,[redacted],St Catharines,ON,L2T 2V2,[redacted],[redacted],F,19,43.1313,-79.2317
57,Boris,Latif,[redacted],Quebec,QC,G1M 2H8,[redacted],[redacted],Not Specified,37,46.8183,-71.2706
58,Salina,Knavel,[redacted],Arnprior,ON,K7S 2G8,[redacted],[redacted],M,35,45.4334,-76.3494
59,Justa,Dini,[redacted],Vernon,BC,V1T 6J8,[redacted],[redacted],Not Specified,60,50.2604,-119.2774
60,Amalia,Wolfgang,[redacted],Windsor,ON,N8N 3V8,[redacted],[redacted],Not Specified,36,42.2946,-82.8667
61,Felix,Tutterrow,[redacted],London,ON,N6G 3E5,[redacted],[redacted],Not Specified,61,43.0147,-81.3049
62,Eura,Mcglocklin,[redacted],Lloydminster,SK,S9V 0C6,[redacted],[redacted],F,62,53.2835,-110.0016
63,Lang,Heuring,[redacted],Cambridge,ON,N1R 2X2,[redacted],[redacted],M,57,43.3666,-80.2239
64,Agustin,Lakatos,[redacted],Becancour,QC,G9H 4T4,[redacted],[redacted],Not Specified,50,46.3334,-72.4324
65,Jaime,Lowrance,[redacted],Winnipeg,MB,R3J 2Z1,[redacted],[redacted],F,46,49.8966,-97.2404
66,Carman,Gudiel,[redacted],St. Johns,NL,A1B 5B3,[redacted],[redacted],Not Specified,19,47.5698,-52.7796
67,Argelia,Hofbauer,[redacted],North Vancouver,BC,V7J 2J9,[redacted],[redacted],F,54,49.3622,-123.0178
68,Mammie,Cisney,[redacted],Montreal,QC,H1E 1R4,[redacted],[redacted],Not Specified,48,45.6342,-73.5842
69,Rashad,Menino,[redacted],Carleton Place,ON,K7C 2T3,[redacted],[redacted],Not Specified,25,45.1334,-76.1494
70,Janna,Bastain,[redacted],Vancouver,BC,V6N 3C5,[redacted],[redacted],F,65,49.2302,-123.189
71,Callie,Neikirk,[redacted],Mississauga,ON,L4T 0A1,[redacted],[redacted],M,36,43.7139,-79.6434
72,Coral,Helmcamp,[redacted],Toronto,ON,M5V 0B4,[redacted],[redacted],Not Specified,39,43.6404,-79.3995
73,Xenia,Mushero,[redacted],Kingston,ON,K7K 1P6,[redacted],[redacted],M,67,44.2569,-76.4717
74,Adelle,Nitcher,[redacted],Thorold,ON,L2V 5C7,[redacted],[redacted],M,20,43.1142,-79.2035
75,Hildegarde,Wehrwein,[redacted],West Vancouver,BC,V7T 1R7,[redacted],[redacted],Not Specified,54,49.3322,-123.1417
76,Phuong,Sugai,[redacted],Lavaltrie,QC,J5T 2C7,[redacted],[redacted],F,54,45.8834,-73.2825
77,Leontine,Lafoy,[redacted],Quebec,QC,G1J 4B2,[redacted],[redacted],Not Specified,67,46.838,-71.2232
78,Darell,Mcalarney,[redacted],Ajax,ON,L1S 6V3,[redacted],[redacted],F,47,43.8404,-79.0251
79,Madonna,Landman,[redacted],Castlegar,BC,V1N 3P7,[redacted],[redacted],F,41,49.2998,-117.6689
80,Chuck,Berggren,[redacted],St. Johns,NL,A1E 2L8,[redacted],[redacted],M,60,47.5334,-52.7595
81,Gregg,Epperheimer,[redacted],Lasalle,QC,H8R 3T2,[redacted],[redacted],F,41,45.3994,-73.6506
82,Yan,Bubrig,[redacted],Grand Manan,NB,E5G 1L1,[redacted],[redacted],F,55,44.6976,-66.8065
83,Stephanie,Garlett,[redacted],Kanata,ON,K2T 1G5,[redacted],[redacted],M,25,45.317,-75.9367
84,Alberto,Stenquist,[redacted],St Catharines,ON,L2N 6C7,[redacted],[redacted],Not Specified,24,43.1923,-79.2559
85,Wayne,Shivers,[redacted],Chicoutimi,QC,G7H 6A2,[redacted],[redacted],F,35,48.4187,-71.0417
86,Kristal,Bothe,[redacted],Paradise,NL,A1L 2Y8,[redacted],[redacted],Not Specified,47,47.5291,-52.8814
87,Florencia,Stadel,[redacted],Ingersoll,ON,N5C 2W2,[redacted],[redacted],M,31,43.0334,-80.883
88,Darrin,Tumolillo,[redacted],Saskatoon,SK,S7H 1X9,[redacted],[redacted],Not Specified,56,52.1168,-106.6345
89,Freeman,Rudig,[redacted],Otterburn Park,QC,J3H 4V8,[redacted],[redacted],M,26,45.5527,-73.1755
90,Lazaro,Mollison,[redacted],Beloeil,QC,J3G 3J4,[redacted],[redacted],F,48,45.5946,-73.2283
91,Ellsworth,Rieg,[redacted],Napanee,ON,K7R 1K5,[redacted],[redacted],Not Specified,55,44.2501,-76.9494
92,Brinda,Mrkvicka,[redacted],Newbridge,NB,E7N 1J4,[redacted],[redacted],F,37,46.0555,-67.5839
93,Florinda,Mackedanz,[redacted],Dieppe,NB,E1A 8X6,[redacted],[redacted],F,65,46.0967,-64.7087
94,Nadine,Swartzbeck,[redacted],Beloeil,QC,J3G 4M4,[redacted],[redacted],M,53,45.5946,-73.2283
95,Arlette,Torchio,[redacted],Lasalle,QC,H8R 3C2,[redacted],[redacted],M,26,45.3994,-73.6506
96,Adolph,Krivanec,[redacted],Etobicoke,ON,M8Y 3L6,[redacted],[redacted],Not Specified,39,43.6325,-79.4939
97,Georgiana,Colbath,[redacted],Sainte-Therese,QC,J7E 3C9,[redacted],[redacted],F,25,45.6442,-73.8448
98,Rana,Lehn,[redacted],Milton,ON,L9T 5W8,[redacted],[redacted],Not Specified,55,43.5148,-79.884
99,Chi,Morgan,[redacted],Saint-Raymond,QC,G3L 3K2,[redacted],[redacted],F,54,47.2374,-71.8763
100,Starr,Prothro,[redacted],Chicoutimi,QC,G7H 4M5,[redacted],[redacted],M,23,48.4187,-71.0417
101,Glennis,Roseum,[redacted],Brandon,MB,R7A 4C6,[redacted],[redacted],M,38,49.8174,-99.9565
102,Thea,Petermeier,[redacted],Sept-Iles,QC,G4S 1Z5,[redacted],[redacted],F,64,50.2713,-66.3751
103,Rosalind,Persechino,[redacted],Kanata,ON,K2M 1E6,[redacted],[redacted],F,28,45.2861,-75.8562
104,Shenika,Tapian,[redacted],Ottawa,ON,K1S 1N5,[redacted],[redacted],M,50,45.399,-75.6871
105,Veta,Vandeberg,[redacted],Juniper,NB,E7L 1G1,[redacted],[redacted],M,32,46.5528,-67.305
106,Herschel,Geneseo,[redacted],Toronto,ON,M4V 1Y3,[redacted],[redacted],Not Specified,22,43.6861,-79.4025
107,Dianne,Tomasic,[redacted],Dartmouth,NS,B2Y 3L2,[redacted],[redacted],M,24,44.6645,-63.5453
108,Micah,Gerten,[redacted],St. Johns,NL,A1E 2J5,[redacted],[redacted],Not Specified,44,47.5334,-52.7595
109,Kaycee,Alaibilla,[redacted],Vancouver,BC,V6R 1N3,[redacted],[redacted],Not Specified,52,49.2666,-123.1976
110,Tesha,Brang,[redacted],Montreal,QC,H4K 2N2,[redacted],[redacted],M,19,45.5171,-73.7363
111,Marya,Chhour,[redacted],Calgary,AB,T3Z 3S8,[redacted],[redacted],M,26,51.0691,-114.4727
112,Ronnie,Kettelle,[redacted],Halifax,NS,B3H 1M2,[redacted],[redacted],F,62,44.6344,-63.5822
113,Mabel,Fower,[redacted],Chicoutimi,QC,G7H 3T5,[redacted],[redacted],Not Specified,53,48.4187,-71.0417
114,Harley,Works,[redacted],Woodstock,ON,N4S 2K1,[redacted],[redacted],F,21,43.1432,-80.7338
115,Joye,Nedman,[redacted],Regina,SK,S4N 3J4,[redacted],[redacted],Not Specified,21,50.4671,-104.541
116,Luisa,Harnish,[redacted],Vancouver,BC,V5X 2B5,[redacted],[redacted],F,59,49.2156,-123.0979
117,Stacey,Lortz,[redacted],Scarborough,ON,M1K 1H4,[redacted],[redacted],Not Specified,54,43.7298,-79.2639
118,Reyes,Mesmer,[redacted],Hamilton,ON,L8S 2N1,[redacted],[redacted],M,21,43.2606,-79.9161
119,Avery,Demus,[redacted],Maple Ridge,BC,V4R 1Z3,[redacted],[redacted],M,62,49.2903,-122.5169
120,Colby,Scotts,[redacted],Barrie,ON,L4N 3M9,[redacted],[redacted],M,62,44.3572,-79.6929
121,Afton,Wrinkle,[redacted],Ottawa,ON,K1N 6S5,[redacted],[redacted],M,46,45.4289,-75.6844
122,India,Sifford,[redacted],Toronto,ON,M5N 1J1,[redacted],[redacted],Not Specified,31,43.7113,-79.4195
123,Brunilda,Coin,[redacted],Saint-Paul,NB,E4T 3B9,[redacted],[redacted],Not Specified,60,46.3042,-64.972
124,Jenifer,Emanuel,[redacted],Duncan,BC,V9L 4G2,[redacted],[redacted],M,36,48.7829,-123.7027
125,Makeda,Nosis,[redacted],Toronto,ON,M5K 1A1,[redacted],[redacted],F,47,43.6469,-79.3823
126,Vivan,Oppy,[redacted],Swift Current,SK,S9H 3S9,[redacted],[redacted],F,41,50.2834,-107.8013
127,Eric,Gazzola,[redacted],Saint-Georges,QC,G5Z 0N4,[redacted],[redacted],M,54,46.0642,-70.7118
128,Thersa,Davirro,[redacted],Kamloops,BC,V2C 6S8,[redacted],[redacted],F,45,50.5437,-120.0937
129,Mindy,Presnal,[redacted],Vancouver,BC,V5X 3K2,[redacted],[redacted],M,38,49.2156,-123.0979
130,Luis,Metzner,[redacted],Trois-Rivieres,QC,G8V 2J6,[redacted],[redacted],F,43,46.4098,-72.4908
131,Dawne,Mcloud,[redacted],Stoney Creek,ON,L8E 2E4,[redacted],[redacted],M,36,43.2245,-79.6988
132,Karrie,Kinikini,[redacted],Kamloops,BC,V2B 7X9,[redacted],[redacted],M,49,50.8869,-120.7357
133,Mozelle,Hermon,[redacted],Mount Pisgah,NB,E4G 1E8,[redacted],[redacted],M,28,45.8552,-65.4795
134,Mila,Hair,[redacted],Saint-Leonard,QC,H1P 1M8,[redacted],[redacted],M,20,45.5966,-73.5928
135,Gilma,Jefferys,[redacted],Halifax,NS,B3H 4E1,[redacted],[redacted],F,44,44.6344,-63.5822
136,Armanda,Mcduffie,[redacted],Cowansville,QC,J2K 2M6,[redacted],[redacted],F,60,45.2001,-72.7491
137,Vonda,Normandeau,[redacted],Mirabel,QC,J7J 1G7,[redacted],[redacted],Not Specified,40,45.7045,-73.9472
138,Truman,Mondale,[redacted],Peterborough,ON,K9J 0A1,[redacted],[redacted],M,49,44.3104,-78.2396
139,Elvis,Tenuta,[redacted],Calgary,AB,T2B 0X5,[redacted],[redacted],M,37,51.0209,-113.981
140,Loise,Dedaj,[redacted],Saskatoon,SK,S7K 5J3,[redacted],[redacted],M,64,52.0111,-106.7955
141,Jannette,Pedder,[redacted],Vancouver,BC,V6L 2V9,[redacted],[redacted],F,45,49.2497,-123.166
142,Margo,Rand,[redacted],Concord,ON,L4K 1J7,[redacted],[redacted],Not Specified,21,43.8001,-79.4829
143,Dahlia,Benett,[redacted],Alma,QC,G8B 1K7,[redacted],[redacted],F,51,48.5548,-71.673
144,Dominga,Mckeon,[redacted],Trois-Rivieres,QC,G8T 7G3,[redacted],[redacted],Not Specified,37,46.3877,-72.5357
145,Hollis,Keomuangtai,[redacted],Keswick,ON,L4P 1V3,[redacted],[redacted],M,57,44.2501,-79.4663
146,Carry,Ziller,[redacted],Strathroy,ON,N7G 3H9,[redacted],[redacted],F,67,42.9551,-81.6223
147,Bong,Fears,[redacted],Pierrefonds,QC,H9H 3C8,[redacted],[redacted],F,29,45.4683,-73.8565
148,Yolande,Staiano,[redacted],Orleans,ON,K1C 3C7,[redacted],[redacted],M,21,45.4677,-75.5399
149,Lottie,Hegdahl,[redacted],Unionville,ON,L3R 2H1,[redacted],[redacted],Not Specified,28,43.8479,-79.3288
150,Jose,Kylish,[redacted],Pierrefonds,QC,H9J 1W6,[redacted],[redacted],Not Specified,63,45.4501,-73.8659
151,Tuyet,Abramovitz,[redacted],Richmond Hill,ON,L4E 4P3,[redacted],[redacted],F,41,43.9394,-79.4349
152,Pearline,Provenzano,[redacted],Concord,ON,L4K 1V4,[redacted],[redacted],M,25,43.8001,-79.4829
153,Robt,Hankison,[redacted],Quebec,QC,G1L 4H3,[redacted],[redacted],M,64,46.8304,-71.2455
154,Shawnee,Kesten,[redacted],Big Ridge,NS,B1K 1X8,[redacted],[redacted],Not Specified,64,45.9668,-60.2318
155,Lacresha,Quinones,[redacted],Vaudreuil-Dorion,QC,J7V 5V8,[redacted],[redacted],M,27,45.4001,-74.0325
156,Basilia,Vinroe,[redacted],Quebec,QC,G1H 1A6,[redacted],[redacted],F,30,46.8528,-71.2573
157,Aleisha,Areizaga,[redacted],Quebec,QC,G1C 5G2,[redacted],[redacted],M,46,46.8801,-71.196
158,Frank,Tryninewski,[redacted],Prince Albert,SK,S6V 6E5,[redacted],[redacted],M,23,54.493,-104.3049
159,Ria,Steinhorst,[redacted],Jonquiere,QC,G7S 2S3,[redacted],[redacted],M,66,48.4294,-71.1774
160,Carla,Kallenberger,[redacted],Hanover,ON,N4N 1Z7,[redacted],[redacted],F,30,44.1501,-81.033
161,Lashanda,Skahan,[redacted],Gray Rapids,NB,E9B 1G6,[redacted],[redacted],M,45,46.7398,-65.8319
162,Jarod,Catalina,[redacted],North Bay,ON,P1B 2L4,[redacted],[redacted],F,20,46.3364,-79.583
163,Leoma,Rabago,[redacted],Nanaimo,BC,V9R 6W5,[redacted],[redacted],Not Specified,45,49.1609,-123.9825
164,Yasuko,Greeves,[redacted],Vernon,BC,V1B 3Z4,[redacted],[redacted],M,20,50.084,-118.938
165,Jimmie,Snelling,[redacted],Oakville,ON,L6J 7H9,[redacted],[redacted],F,54,43.4757,-79.6591
166,Titus,Dugre,[redacted],Gatineau,QC,J9J 0V4,[redacted],[redacted],M,49,45.4394,-75.8465
167,Joanne,Teoh,[redacted],St Catharines,ON,L2M 1R4,[redacted],[redacted],M,51,43.196,-79.2161
168,Suzi,Groom,[redacted],Surrey,BC,V3S 7P4,[redacted],[redacted],F,66,49.0791,-122.7553
169,Denny,Amazan,[redacted],Surrey,BC,V4A 8M9,[redacted],[redacted],Not Specified,63,49.0374,-122.8299
170,Willie,Coughlan,[redacted],Cantley,QC,J8V 3K1,[redacted],[redacted],Not Specified,45,45.5711,-75.7615
171,Margurite,Brake,[redacted],Amherstburg,ON,N9V 1S8,[redacted],[redacted],Not Specified,22,42.1168,-83.0498
172,Arlen,Romack,[redacted],Saint John,NB,E2K 3R6,[redacted],[redacted],F,26,45.3053,-66.0808
173,Shaniqua,Corna,[redacted],North York,ON,M3H 5X6,[redacted],[redacted],Not Specified,47,43.7535,-79.4472
174,William,Boccard,[redacted],Pointe-aux-Trembles,QC,H1B 4R4,[redacted],[redacted],F,59,45.632,-73.5075
175,Silva,Riviere,[redacted],Pierrefonds,QC,H8Y 2A9,[redacted],[redacted],M,22,45.5084,-73.8075
176,Gearldine,Haberle,[redacted],Calgary,AB,T2J 0S5,[redacted],[redacted],Not Specified,23,50.8476,-114.1958
177,Azalee,Aja,[redacted],Chateauguay,QC,J6J 3J8,[redacted],[redacted],Not Specified,19,45.3691,-73.7216
178,Kimbery,Plikerd,[redacted],Duncan,BC,V9L 2E9,[redacted],[redacted],Not Specified,43,48.7829,-123.7027
179,Ricarda,Kratt,[redacted],New Glasgow,NS,B2H 3Y5,[redacted],[redacted],F,66,45.5834,-62.6486
180,Macy,Massay,[redacted],Dauphin,MB,R7N 2C7,[redacted],[redacted],F,38,51.1494,-100.0502
181,Carol,Normington,[redacted],Alma,QC,G8E 1G2,[redacted],[redacted],Not Specified,40,48.6377,-71.6957
182,Blythe,Czaplinski,[redacted],Calgary,AB,T2V 2M5,[redacted],[redacted],Not Specified,31,50.9819,-114.1004
183,Tanesha,Tesseneer,[redacted],Etobicoke,ON,M9R 2W5,[redacted],[redacted],F,32,43.6898,-79.5582
184,Yaeko,Orndoff,[redacted],St Thomas,ON,N5P 2E5,[redacted],[redacted],M,57,42.7779,-81.1769
185,Broderick,Lorenz,[redacted],Saskatoon,SK,S7N 3M6,[redacted],[redacted],M,57,52.1404,-106.608
186,Twila,Shadle,[redacted],Victoria,BC,V8Y 1H4,[redacted],[redacted],F,63,48.5247,-123.3745
187,Sarina,Pead,[redacted],Ajax,ON,L1S 1S7,[redacted],[redacted],F,20,43.8404,-79.0251
188,Candra,Peets,[redacted],North Bay,ON,P1B 2V6,[redacted],[redacted],M,22,46.3364,-79.583
189,Von,Aprigliano,[redacted],Port Moody,BC,V3H 1E8,[redacted],[redacted],M,40,49.3231,-122.8626
190,Natalya,Verso,[redacted],Kitchener,ON,N2A 1S3,[redacted],[redacted],F,54,43.4413,-80.4246
191,Stanton,Rigazio,[redacted],North York,ON,M3M 2A4,[redacted],[redacted],M,19,43.7319,-79.4928
192,Dona,Larner,[redacted],York,ON,M6M 1V5,[redacted],[redacted],F,28,43.6934,-79.4857
193,Cortney,Choice,[redacted],Greenfield Park,QC,J4V 3G8,[redacted],[redacted],M,26,45.4865,-73.4622
194,Ira,Betterton,[redacted],Halifax,NS,B3K 3E4,[redacted],[redacted],M,42,44.662,-63.6017
195,Vanna,Pickle,[redacted],Newmarket,ON,L3Y 3M4,[redacted],[redacted],M,33,44.0565,-79.4555
196,Bo,Sabota,[redacted],Winnipeg,MB,R3R 2Z5,[redacted],[redacted],F,41,49.8546,-97.2874
197,Nathalie,Corners,[redacted],Peterborough,ON,K9H 4B6,[redacted],[redacted],M,44,44.3245,-78.3184
198,Rodney,Lockamy,[redacted],Ottawa,ON,K1S 2E4,[redacted],[redacted],M,64,45.399,-75.6871
199,Elena,Hairr,[redacted],Stephenville,NL,A2N 2N4,[redacted],[redacted],Not Specified,20,48.55,-58.5818
200,Blossom,Kraatz,[redacted],North York,ON,M4A 2A6,[redacted],[redacted],Not Specified,45,43.7276,-79.3148
201,Loreen,Griepentrog,[redacted],Orleans,ON,K1C 2E5,[redacted],[redacted],F,61,45.4677,-75.5399
202,Tayna,Keirnan,[redacted],Barrie,ON,L4N 5C5,[redacted],[redacted],M,28,44.3572,-79.6929
203,Nieves,Planty,[redacted],Peterborough,ON,K9H 3K7,[redacted],[redacted],Not Specified,44,44.3245,-78.3184
204,Glenn,Robinault,[redacted],Lachine,QC,H8S 3A8,[redacted],[redacted],F,22,45.4402,-73.6747
205,Julianna,Racer,[redacted],Saint John,NB,E2K 5L7,[redacted],[redacted],Not Specified,53,45.3053,-66.0808
206,Ashton,Nitchals,[redacted],Oakville,ON,L6H 5G1,[redacted],[redacted],Not Specified,22,43.4881,-79.7098
207,Shaun,Scovil,[redacted],Pickering,ON,L1W 2P9,[redacted],[redacted],Not Specified,58,43.8197,-79.0803
208,Long,Shintaku,[redacted],Blainville,QC,J7C 2R9,[redacted],[redacted],Not Specified,48,45.689,-73.8671
209,Vinnie,Meir,[redacted],Etobicoke,ON,M8Y 1G5,[redacted],[redacted],F,61,43.6325,-79.4939
210,Lucia,Flipp,[redacted],Scarborough,ON,M1E 3L6,[redacted],[redacted],F,27,43.7678,-79.1866
211,Corazon,Ivaska,[redacted],Saskatoon,SK,S7K 3K7,[redacted],[redacted],F,66,52.0111,-106.7955
212,Jaime,Perugini,[redacted],Verdun,QC,H4G 1X4,[redacted],[redacted],Not Specified,61,45.4643,-73.5698
213,Miriam,Stakes,[redacted],Burlington,ON,L7L 5E8,[redacted],[redacted],Not Specified,42,43.3799,-79.7668
214,Vallie,Nigl,[redacted],North Vancouver,BC,V7H 2J2,[redacted],[redacted],Not Specified,39,49.3551,-122.9802
215,Sheldon,Isachsen,[redacted],Valley,NS,B6L 3K5,[redacted],[redacted],Not Specified,46,45.4093,-63.2114
216,Nickie,Balonek,[redacted],North Vancouver,BC,V7J 3P8,[redacted],[redacted],M,47,49.3622,-123.0178
217,Fletcher,Caneles,[redacted],Hamilton,ON,L8S 3V2,[redacted],[redacted],Not Specified,57,43.2606,-79.9161
218,Rutha,Eisert,[redacted],Niagara Falls,ON,L2G 3H6,[redacted],[redacted],F,29,43.0696,-79.0818
219,Brandon,Geigel,[redacted],Vancouver,BC,V5Z 3S8,[redacted],[redacted],M,47,49.2475,-123.121
220,Franchesca,Lamme,[redacted],Charlottetown,PE,C1E 1W8,[redacted],[redacted],F,50,46.3451,-63.2011
221,Lorriane,Naddeo,[redacted],Duncan,BC,V9L 2T9,[redacted],[redacted],Not Specified,62,48.7829,-123.7027
222,Asuncion,Berson,[redacted],Reinfeld,MB,R6W 1K7,[redacted],[redacted],F,28,49.1817,-97.941
223,Georgiann,Hoerter,[redacted],Grand-Mere,QC,G9T 3C3,[redacted],[redacted],F,57,46.6315,-72.737
224,Hershel,Bultron,[redacted],London,ON,N5Z 1R6,[redacted],[redacted],F,23,42.966,-81.2053
225,Chu,Collopy,[redacted],Trois-Rivieres,QC,G8V 2J6,[redacted],[redacted],F,38,46.4098,-72.4908
226,Bettina,Vosmus,[redacted],Vancouver,BC,V6H 3Y2,[redacted],[redacted],F,47,49.2559,-123.1322
227,Lynsey,Sport,[redacted],Chilliwack,BC,V2P 6L6,[redacted],[redacted],F,60,49.1838,-121.9046
228,Phil,Kuechler,[redacted],Jonquiere,QC,G7X 2X4,[redacted],[redacted],F,21,48.3199,-71.4149
229,Cordelia,Nicks,[redacted],Georgetown,ON,L7G 2T4,[redacted],[redacted],Not Specified,38,43.6501,-79.9163
230,Georgeanna,Marrano,[redacted],Hamilton,ON,L8N 2V6,[redacted],[redacted],M,60,43.4017,-80.017
231,Rosendo,Lanter,[redacted],Regina,SK,S4N 5R4,[redacted],[redacted],M,52,50.4671,-104.541
232,Jerilyn,Norcia,[redacted],Hanover,ON,N4N 2P6,[redacted],[redacted],M,52,44.1501,-81.033
233,Elfriede,Bakeley,[redacted],Grand-Sault/Grand Falls,NB,E3Z 2K5,[redacted],[redacted],Not Specified,19,46.9266,-67.7466
234,Harris,Sheck,[redacted],Montreal,QC,H2H 1Z2,[redacted],[redacted],Not Specified,57,45.5374,-73.5735
235,Leonor,Beilinson,[redacted],Orleans,ON,K1C 1Z6,[redacted],[redacted],F,63,45.4677,-75.5399
236,Terrilyn,Waska,[redacted],Gatineau,QC,J8M 2A5,[redacted],[redacted],Not Specified,52,45.5435,-75.4274
237,Maddie,Foulds,[redacted],Montreal,QC,H2M 1W9,[redacted],[redacted],F,55,45.5528,-73.6411
238,Melynda,Anstead,[redacted],Longueuil,QC,J4J 3E9,[redacted],[redacted],F,24,45.5362,-73.4721
239,Odette,Thigpen,[redacted],Corner Brook,NL,A2H 2K1,[redacted],[redacted],Not Specified,43,48.9156,-57.797
240,Steffanie,Meinen,[redacted],Montreal,QC,H3C 5G9,[redacted],[redacted],F,28,45.498,-73.5472
241,Antonette,Stimac,[redacted],Kitchener,ON,N2A 1S3,[redacted],[redacted],F,46,43.4413,-80.4246
242,Thora,Daneker,[redacted],Gatineau,QC,J8P 3A1,[redacted],[redacted],F,63,45.4869,-75.6157
243,Nada,Massanet,[redacted],Surrey,BC,V3R 4L7,[redacted],[redacted],Not Specified,44,49.1948,-122.8131
244,Ivette,Dills,[redacted],Reserve Mines,NS,B1E 1G6,[redacted],[redacted],M,55,46.1845,-60.0166
245,Devon,Delacerda,[redacted],Comox,BC,V9M 1T4,[redacted],[redacted],M,54,49.6829,-124.9361
246,Lon,Tibbles,[redacted],Mississauga,ON,L5E 1B7,[redacted],[redacted],F,51,43.5836,-79.561
247,Tennie,Santanna,[redacted],Trois-Rivieres,QC,G8T 6A2,[redacted],[redacted],Not Specified,66,46.3877,-72.5357
248,Fidelia,Vilven,[redacted],Scarborough,ON,M1G 1V4,[redacted],[redacted],F,55,43.7712,-79.2144
249,Michal,Gunyan,[redacted],Quebec,QC,G2B 4L7,[redacted],[redacted],F,51,46.8505,-71.3357
250,Enola,Yandow,[redacted],Dartmouth,NS,B2W 6G3,[redacted],[redacted],F,53,44.6752,-63.5077
251,Meghann,Mamudoski,[redacted],Hebbville,NS,B4V 7A2,[redacted],[redacted],M,39,44.3835,-64.5155
252,Latanya,Mattia,[redacted],Portage la Prairie,MB,R1N 3T4,[redacted],[redacted],M,50,49.9728,-98.2926
253,Chandra,Firlik,[redacted],Oshawa,ON,L1J 8H1,[redacted],[redacted],Not Specified,30,43.8852,-78.8771
254,Barney,Dewer,[redacted],Bedford,NS,B4A 3V5,[redacted],[redacted],M,63,44.7232,-63.656
255,Ocie,Chreene,[redacted],Orleans,ON,K1E 2C8,[redacted],[redacted],F,66,45.4771,-75.5046
256,Precious,Dubray,[redacted],Orillia,ON,L3V 4N5,[redacted],[redacted],Not Specified,59,44.6087,-79.4207
257,Sanda,Laramie,[redacted],Dawson Creek,BC,V1G 1Y2,[redacted],[redacted],F,26,55.7666,-120.2362
258,Gaynell,Benavente,[redacted],Thunder Bay,ON,P7E 2H1,[redacted],[redacted],M,30,48.3684,-89.284
259,Bethanie,Cutsforth,[redacted],Cambridge,ON,N1S 2S8,[redacted],[redacted],Not Specified,39,43.3592,-80.3347
260,Yvette,Capiga,[redacted],Big Valley,AB,T0J 0G0,[redacted],[redacted],Not Specified,23,50.9944,-111.4632
261,Alana,Blackmon,[redacted],Scarborough,ON,M1B 2S5,[redacted],[redacted],F,26,43.8113,-79.193
262,Lakeesha,Beachel,[redacted],Chilliwack,BC,V2P 4W3,[redacted],[redacted],F,62,49.1838,-121.9046
263,Ailene,Friedman,[redacted],Enterprise,NB,E7G 1M2,[redacted],[redacted],F,44,46.9065,-67.39
264,Valene,Madson,[redacted],Alma,QC,G8B 7M5,[redacted],[redacted],M,41,48.5548,-71.673
265,Floyd,Bub,[redacted],Toronto,ON,M4V 2Z2,[redacted],[redacted],M,31,43.6861,-79.4025
266,Josue,Hatherly,[redacted],Etobicoke,ON,M9W 1M9,[redacted],[redacted],Not Specified,41,43.7144,-79.5909
267,Johnathon,Wadden,[redacted],Peterborough,ON,K9J 3N7,[redacted],[redacted],F,31,44.3104,-78.2396
268,Kenneth,Drizin,[redacted],Amos,QC,J9T 1S3,[redacted],[redacted],F,56,48.5669,-78.1162
269,Leila,Titzer,[redacted],Calgary,AB,T2X 2M9,[redacted],[redacted],F,28,50.8837,-114.0326
270,Marquetta,Quinlisk,[redacted],Mont-Royal,QC,H3R 1G3,[redacted],[redacted],F,59,45.5101,-73.6478
271,Annamae,Beliles,[redacted],Burnaby,BC,V5G 4J9,[redacted],[redacted],F,22,49.2478,-122.9938
272,An,Dosal,[redacted],Drummondville,QC,J2B 3J9,[redacted],[redacted],Not Specified,59,45.9061,-72.5929
273,Karina,Cortesi,[redacted],Saint-Bruno,QC,J3V 5S1,[redacted],[redacted],M,23,45.532,-73.3437
274,Otis,Luong,[redacted],Simcoe,ON,N3Y 2P6,[redacted],[redacted],M,28,42.8334,-80.2997
275,Brendan,Kasperek,[redacted],Coquitlam,BC,V3E 2W1,[redacted],[redacted],Not Specified,43,49.3167,-122.7384
276,Keith,Evartt,[redacted],Derby Junction,NB,E1V 5B4,[redacted],[redacted],Not Specified,31,47.1942,-65.9381
277,Paulina,Arand,[redacted],Winnipeg,MB,R2J 2V1,[redacted],[redacted],M,66,49.8665,-97.0633
278,Cherelle,Welschmeyer,[redacted],Guelph,ON,N1E 5N9,[redacted],[redacted],Not Specified,34,43.5677,-80.2418
279,Percy,Neelon,[redacted],Rimouski,QC,G5L 1N6,[redacted],[redacted],F,33,48.416,-68.5979
280,Margot,Storrs,[redacted],Woodbridge,ON,L4H 2L8,[redacted],[redacted],Not Specified,53,43.8432,-79.5644
281,Paris,Bellis,[redacted],Woodstock,ON,N4S 3K1,[redacted],[redacted],Not Specified,63,43.1432,-80.7338
282,Sina,Masiejczyk,[redacted],Etobicoke,ON,M9C 5B4,[redacted],[redacted],Not Specified,42,43.6437,-79.5767
283,Kimi,Selfe,[redacted],Jonquiere,QC,G8A 1H7,[redacted],[redacted],Not Specified,21,48.4233,-71.3629
284,Chun,Richrdson,[redacted],Regina,SK,S4T 3L1,[redacted],[redacted],M,22,50.4507,-104.665
285,Lelia,Thiemann,[redacted],Kamloops,BC,V2B 7W6,[redacted],[redacted],Not Specified,26,50.8869,-120.7357
286,Cordell,Zinda,[redacted],Sherbrooke,QC,J1H 6E3,[redacted],[redacted],Not Specified,65,45.3891,-71.8986
287,Dorothy,Aitken,[redacted],Mississauga,ON,L5V 1E5,[redacted],[redacted],F,23,43.5972,-79.6931
288,Chauncey,Mcelreath,[redacted],Vanier,ON,K1L 7E2,[redacted],[redacted],M,37,45.44,-75.663
289,Tenesha,Stropko,[redacted],Cardigan,NB,E6B 1L7,[redacted],[redacted],Not Specified,36,46.3381,-66.9058
290,Anjelica,Lovero,[redacted],Amherst,NS,B4H 1K5,[redacted],[redacted],M,43,45.8335,-64.1987
291,Olga,Adessa,[redacted],Burlington,ON,L7P 4T1,[redacted],[redacted],F,64,43.3806,-79.886
292,Monte,Tindal,[redacted],Laval,QC,H7M 5P7,[redacted],[redacted],Not Specified,19,45.5984,-73.7159
293,Pamela,Mccoskey,[redacted],Terrebonne,QC,J6W 4W3,[redacted],[redacted],Not Specified,58,45.7064,-73.6178
294,Toshia,Lippoldt,[redacted],Stoneham-Et-Tewkesbury,QC,G3C 0S2,[redacted],[redacted],Not Specified,49,47.1691,-71.4332
295,Polly,Sandusky,[redacted],Hamilton,ON,L9A 4H9,[redacted],[redacted],Not Specified,28,43.2271,-79.871
296,Judy,Boerboom,[redacted],Paradise,NL,A1L 0H4,[redacted],[redacted],F,54,47.5291,-52.8814
297,Celestine,Pritt,[redacted],Ottawa,ON,K1G 3B6,[redacted],[redacted],M,29,45.3548,-75.5773
298,Murray,Fode,[redacted],Pointe-Claire,QC,H9R 5N9,[redacted],[redacted],F,41,45.4487,-73.8167
299,Shoshana,Courter,[redacted],Windsor,ON,N8Y 4T9,[redacted],[redacted],Not Specified,60,42.3176,-82.9929
300,Glendora,Pezley,[redacted],Edmonton,AB,T5Y 3J7,[redacted],[redacted],M,65,53.6585,-113.3614
301,Carlene,Kana,[redacted],Brantford,ON,N3T 2H4,[redacted],[redacted],F,25,43.131,-80.3254
302,Adria,Gilliam,[redacted],Hamilton,ON,L8N 2V6,[redacted],[redacted],M,61,43.4017,-80.017
303,Paola,Perkins,[redacted],Grande Prairie,AB,T8V 4G4,[redacted],[redacted],F,62,55.1808,-118.9103
304,Elina,Maury,[redacted],North York,ON,M6M 3B1,[redacted],[redacted],F,54,43.6934,-79.4857
305,Emile,Dorio,[redacted],Saint-Bruno,QC,J3V 4R8,[redacted],[redacted],M,36,45.532,-73.3437
306,Zoila,Lannigan,[redacted],York,ON,M6N 3Z2,[redacted],[redacted],F,44,43.6748,-79.4839
307,Yong,Yestramski,[redacted],Brantford,ON,N3R 3C6,[redacted],[redacted],M,40,43.1692,-80.2684
308,Leontine,Stalma,[redacted],Simcoe,ON,N3Y 5H1,[redacted],[redacted],F,40,42.8334,-80.2997
309,Troy,Dicus,[redacted],Trenton,ON,K8V 3Z2,[redacted],[redacted],M,31,44.0992,-77.5776
310,Annamaria,Vanhuss,[redacted],Dundas,ON,L9H 2C3,[redacted],[redacted],M,51,43.2638,-79.9524
311,Dorothea,Lowther,[redacted],Sudbury,ON,P3E 2W9,[redacted],[redacted],F,23,46.2676,-80.9063
312,Marion,Letran,[redacted],Gatineau,QC,J8Y 5Z4,[redacted],[redacted],F,45,45.448,-75.7434
313,Avery,Masso,[redacted],Amherst,NS,B4H 1N1,[redacted],[redacted],Not Specified,29,45.8335,-64.1987
314,Trinidad,Bredernitz,[redacted],Lasalle,QC,H8N 1S9,[redacted],[redacted],F,53,45.438,-73.6215
315,Herminia,Penso,[redacted],Fort McMurray,AB,T9H 3A8,[redacted],[redacted],F,22,56.664,-111.1357
316,Val,Bigaud,[redacted],Montreal,QC,H2C 3A1,[redacted],[redacted],Not Specified,66,45.5606,-73.6584
317,Renay,Oviedo,[redacted],North York,ON,M6B 3Y3,[redacted],[redacted],F,55,43.7081,-79.4479
318,Buck,Kotow,[redacted],Thunder Bay,ON,P7E 2H1,[redacted],[redacted],F,63,48.3684,-89.284
319,Toi,Rollison,[redacted],Terrebonne,QC,J6W 1M9,[redacted],[redacted],M,26,45.7064,-73.6178
320,Shanice,Pennel,[redacted],Kingston,ON,K7L 2Y7,[redacted],[redacted],M,41,44.2955,-76.428
321,Oliva,Ramerez,[redacted],Calgary,AB,T2C 1W4,[redacted],[redacted],M,55,50.987,-113.9634
322,Tamera,Crocker,[redacted],Edmonton,AB,T5C 3M1,[redacted],[redacted],Not Specified,19,53.5996,-113.4549
323,Melvin,Rather,[redacted],Drummondville,QC,J2B 3S8,[redacted],[redacted],M,52,45.9061,-72.5929
324,Essie,Fitzke,[redacted],Welshpool,NB,E5E 1G8,[redacted],[redacted],F,38,44.8908,-66.9318
325,Shay,Knieper,[redacted],Brossard,QC,J4X 1J9,[redacted],[redacted],M,57,45.4455,-73.4841
326,Ruby,Sensibaugh,[redacted],Coquitlam,BC,V3K 2P4,[redacted],[redacted],Not Specified,44,49.2366,-122.8521
327,Caren,Doscher,[redacted],Calgary,AB,T3H 2S3,[redacted],[redacted],Not Specified,59,51.0419,-114.2
328,Frank,Amend,[redacted],Cambridge,ON,N1S 1A7,[redacted],[redacted],Not Specified,61,43.3592,-80.3347
329,Lasandra,Frisinger,[redacted],Abbotsford,BC,V2S 2G5,[redacted],[redacted],F,56,49.0423,-122.2835
330,Sommer,Frere,[redacted],Saint-Hubert,QC,J3Y 4R3,[redacted],[redacted],F,20,45.4906,-73.3991
331,Gretchen,Mckeon,[redacted],Trail,BC,V1R 4Y2,[redacted],[redacted],F,67,49.0998,-117.7022
332,Providencia,Marien,[redacted],Ottawa,ON,K2C 2V1,[redacted],[redacted],Not Specified,53,45.3679,-75.7381
333,Lindsey,Arnoldi,[redacted],West Kelowna,BC,V1Z 2J2,[redacted],[redacted],Not Specified,43,49.8625,-119.5833
334,Romana,Riesgraf,[redacted],Moncton,NB,E1A 6P3,[redacted],[redacted],F,64,46.0967,-64.7087
335,Nobuko,Logwood,[redacted],Sarnia,ON,N7V 3X4,[redacted],[redacted],F,55,42.9998,-82.3926
336,Shawnna,Arredondo,[redacted],Orleans,ON,K4A 0V9,[redacted],[redacted],Not Specified,53,45.4697,-75.4715
337,Doyle,Hathcox,[redacted],Prince George,BC,V2M 1K4,[redacted],[redacted],Not Specified,56,53.9127,-122.8708
338,Jacinta,Deppen,[redacted],Nelson,BC,V1L 1A7,[redacted],[redacted],F,37,49.4999,-117.2855
339,Tawanna,Kuamoo,[redacted],Matane,QC,G4W 3G6,[redacted],[redacted],Not Specified,19,48.8286,-67.522
340,Christa,Cloutier,[redacted],Calgary,AB,T2L 2G4,[redacted],[redacted],Not Specified,28,51.1047,-114.1148
341,Noe,Kotz,[redacted],Salt Spring Island,BC,V8K 2T5,[redacted],[redacted],M,63,48.8138,-123.4973
342,Ellen,Fajen,[redacted],Edmonton,AB,T6A 0L9,[redacted],[redacted],Not Specified,62,53.5482,-113.4318
343,Tequila,Pelletier,[redacted],Richmond Hill,ON,L4C 9T5,[redacted],[redacted],M,61,43.8669,-79.4414
344,Tawny,Bonventre,[redacted],Richmond,BC,V6Y 1L9,[redacted],[redacted],F,65,49.17,-123.1368
345,Rosalyn,Mcspedon,[redacted],Kingston,ON,K7K 3L3,[redacted],[redacted],Not Specified,45,44.2569,-76.4717
346,Noble,Miyata,[redacted],Tillsonburg,ON,N4G 4Y4,[redacted],[redacted],F,43,42.8599,-80.7262
347,Lucille,Hubbell,[redacted],Nanaimo,BC,V9R 4Z4,[redacted],[redacted],M,31,49.1609,-123.9825
348,Azzie,Tuazon,[redacted],Oakville,ON,L6L 6V2,[redacted],[redacted],Not Specified,34,43.4032,-79.7186
349,Darci,Arau,[redacted],Trois-Rivieres,QC,G8Z 3J2,[redacted],[redacted],M,63,46.3458,-72.5716
350,King,Suman,[redacted],Chicoutimi,QC,G7J 4W9,[redacted],[redacted],M,51,48.4175,-71.1031
351,Denny,Zeanah,[redacted],Montreal,QC,H2Z 1P5,[redacted],[redacted],F,54,45.5052,-73.5622
352,Anissa,Frayer,[redacted],Surrey,BC,V3X 2L5,[redacted],[redacted],F,45,49.1067,-122.8576
353,Rosann,Heinricher,[redacted],Mirabel,QC,J7N 2E1,[redacted],[redacted],M,41,45.6345,-74.1005
354,Jeannine,Rippy,[redacted],Truro,NS,B2N 6J6,[redacted],[redacted],Not Specified,51,45.3668,-63.2654
355,Lashaun,Casteneda,[redacted],Edmonton,AB,T6L 4W9,[redacted],[redacted],Not Specified,54,53.4593,-113.4145
356,Miesha,Walen,[redacted],Espanola,ON,P5E 1C1,[redacted],[redacted],Not Specified,62,46.2584,-81.7665
357,Marva,Kountz,[redacted],Etobicoke,ON,M9A 0A5,[redacted],[redacted],M,31,43.6662,-79.5282
358,Dion,Lamastus,[redacted],Albanel,QC,G8M 3P2,[redacted],[redacted],M,42,48.8832,-72.4487
359,Hassie,Sarkin,[redacted],Valley,NS,B6L 2X2,[redacted],[redacted],Not Specified,32,45.4093,-63.2114
360,Jin,Perry,[redacted],Etobicoke,ON,M9C 2W4,[redacted],[redacted],M,66,43.6437,-79.5767
361,Demetra,Peth,[redacted],Sherbrooke,QC,J1K 1C5,[redacted],[redacted],Not Specified,57,45.3822,-71.9327
362,Irene,Benauides,[redacted],Lyttleton,NB,E9E 1Y1,[redacted],[redacted],Not Specified,21,46.8486,-65.6772
363,Colton,Pesqueira,[redacted],Oakville,ON,L6H 6M8,[redacted],[redacted],M,37,43.4881,-79.7098
364,William,Cilento,[redacted],Trochu,AB,T0M 2C0,[redacted],[redacted],F,23,51.9552,-114.8691
365,Shannan,Cupit,[redacted],North York,ON,M2N 2B8,[redacted],[redacted],F,33,43.7673,-79.4111
366,Shelba,Kast,[redacted],Halifax,NS,B3K 2C1,[redacted],[redacted],M,67,44.662,-63.6017
367,Dorcas,Diebold,[redacted],Mississauga,ON,L5M 4A7,[redacted],[redacted],M,19,43.5637,-79.7202
368,Rochell,Wetherby,[redacted],Amqui,QC,G5J 1E2,[redacted],[redacted],F,60,48.4638,-67.4313
369,Amber,Windell,[redacted],Richmond,BC,V6X 3S2,[redacted],[redacted],Not Specified,35,49.1836,-123.1168
370,Stefanie,Prinkey,[redacted],Surrey,BC,V3R 4T5,[redacted],[redacted],F,51,49.1948,-122.8131
371,Kenia,Sharples,[redacted],Calgary,AB,T2J 1Y3,[redacted],[redacted],F,37,50.8476,-114.1958
372,Jacquline,Libbey,[redacted],Cap-aux-Meules,QC,G4T 1M6,[redacted],[redacted],Not Specified,65,47.3999,-61.7996
373,Lavina,Michelet,[redacted],Anjou,QC,H1M 1X5,[redacted],[redacted],F,44,45.5883,-73.5572
374,Billi,Kazar,[redacted],Surrey,BC,V3W 9G2,[redacted],[redacted],Not Specified,56,49.141,-122.8569
375,Aron,Leuthold,[redacted],Chilliwack,BC,V2P 3X4,[redacted],[redacted],M,52,49.1838,-121.9046
376,Annice,Tartar,[redacted],Sherbrooke,QC,J1N 0H6,[redacted],[redacted],Not Specified,34,45.3395,-72.0128
377,Hyun,Zarazua,[redacted],Chatham,ON,N7L 5C4,[redacted],[redacted],M,55,42.4209,-82.1993
378,Shala,Ogle,[redacted],Fatima,QC,G4T 2N4,[redacted],[redacted],M,61,47.3999,-61.7996
379,Shasta,Canonico,[redacted],Sault Ste. Marie,ON,P6C 2C8,[redacted],[redacted],Not Specified,44,46.5353,-84.3732
380,Wenona,Braseth,[redacted],Beloeil,QC,J3G 2C1,[redacted],[redacted],F,41,45.5946,-73.2283
381,Marla,Gallati,[redacted],Lachine,QC,H8R 1R7,[redacted],[redacted],F,29,45.3994,-73.6506
382,Myra,Palenik,[redacted],Montmagny,QC,G5V 1N6,[redacted],[redacted],F,26,46.9804,-70.5549
383,Lawanda,Jacocks,[redacted],Cranbrook,BC,V1C 4E3,[redacted],[redacted],M,50,49.4999,-115.7688
384,Curt,Kohlman,[redacted],Saskatoon,SK,S7M 3S3,[redacted],[redacted],F,56,52.1133,-106.7235
385,Susy,Finstad,[redacted],Calgary,AB,T2X 0J3,[redacted],[redacted],M,25,50.8837,-114.0326
386,Kathrine,Kaper,[redacted],Halifax,NS,B3N 2X2,[redacted],[redacted],M,30,44.631,-63.6405
387,Oneida,Pospishil,[redacted],Victoriaville,QC,G6T 1N5,[redacted],[redacted],Not Specified,62,46.0828,-71.9728
388,Allene,Perera,[redacted],Etobicoke,ON,M9P 1J9,[redacted],[redacted],Not Specified,36,43.6949,-79.5323
389,Leonardo,Leahman,[redacted],Calgary,AB,T2L 1X5,[redacted],[redacted],M,55,51.1047,-114.1148
390,Nakisha,Russi,[redacted],Lethbridge,AB,T1H 6T3,[redacted],[redacted],F,34,49.7,-112.8186
391,Stephanie,Rolling,[redacted],Lloydminster,SK,S9V 1T4,[redacted],[redacted],Not Specified,36,53.2835,-110.0016
392,Florinda,Haycock,[redacted],Gatineau,QC,J8P 4L6,[redacted],[redacted],M,49,45.4869,-75.6157
393,Merri,Geberth,[redacted],Winnipeg,MB,R2P 2J7,[redacted],[redacted],F,65,49.9696,-97.1554
394,Malcom,Vereen,[redacted],Windsor,ON,N8T 1V1,[redacted],[redacted],Not Specified,63,42.3037,-82.9459
395,Louvenia,Abney,[redacted],Prince Albert,SK,S6V 6A4,[redacted],[redacted],M,54,54.493,-104.3049
396,Alita,Borlace,[redacted],Kenora,ON,P9N 1K7,[redacted],[redacted],Not Specified,29,49.7573,-94.3427
397,Noemi,Ill,[redacted],Sault Ste. Marie,ON,P6B 2W6,[redacted],[redacted],M,38,46.5307,-84.3046
398,Nydia,Ancar,[redacted],Edmonton,AB,T5V 1M7,[redacted],[redacted],Not Specified,29,53.5848,-113.6224
399,Hana,Meisel,[redacted],Calgary,AB,T2J 1G9,[redacted],[redacted],Not Specified,48,50.8476,-114.1958
400,Noel,Marrazzo,[redacted],Camrose,AB,T4V 2Y4,[redacted],[redacted],Not Specified,42,53.0168,-112.8353
401,Brice,Rowe,[redacted],Belleville,ON,K8N 1R9,[redacted],[redacted],M,50,44.1735,-77.3684
402,Nguyet,Kitchens,[redacted],Red Deer,AB,T4N 2H5,[redacted],[redacted],M,19,52.2316,-113.8358
403,Janae,Mair,[redacted],Ajax,ON,L1T 1R5,[redacted],[redacted],F,31,43.8843,-79.0534
404,Darrel,Makley,[redacted],Baie-Sainte-Anne,NB,E9A 1P1,[redacted],[redacted],F,60,47.0188,-64.92
405,Genevieve,Milionis,[redacted],Sault Ste. Marie,ON,P6B 5Y9,[redacted],[redacted],F,23,46.5307,-84.3046
406,Giovanna,Bacho,[redacted],North Vancouver,BC,V7M 3J6,[redacted],[redacted],F,49,49.3222,-123.0834
407,Shelton,Spannuth,[redacted],Brandon,MB,R7B 1N3,[redacted],[redacted],M,56,49.842,-99.9831
408,Alison,Mahlum,[redacted],Belleville,ON,K8N 2W3,[redacted],[redacted],M,62,44.1735,-77.3684
409,Maynard,Zufall,[redacted],Vancouver,BC,V5X 4K1,[redacted],[redacted],M,58,49.2156,-123.0979
410,Timothy,Bussert,[redacted],Toronto,ON,M4C 3Y1,[redacted],[redacted],Not Specified,63,43.6913,-79.3116
411,Viola,Eddens,[redacted],Grand Manan,NB,E5G 3A8,[redacted],[redacted],F,24,44.6976,-66.8065
412,Luann,Michon,[redacted],Montreal,QC,H2S 2G9,[redacted],[redacted],M,28,45.5354,-73.6061
413,Mable,Goerke,[redacted],Toronto,ON,M6P 2V5,[redacted],[redacted],Not Specified,34,43.6605,-79.4633
414,Sabine,Kaea,[redacted],Brampton,ON,L6W 1A8,[redacted],[redacted],M,60,43.68,-79.7273
415,Dolores,Moltz,[redacted],Fredericton,NB,E3B 2P9,[redacted],[redacted],M,47,45.8119,-66.6763
416,Hannah,Suero,[redacted],Oakville,ON,L6L 3G9,[redacted],[redacted],F,19,43.4032,-79.7186
417,Sonia,Blan,[redacted],Deer Lake,NL,A8A 2A6,[redacted],[redacted],Not Specified,65,49.1667,-57.4316
418,Cletus,Stapels,[redacted],Edmonton,AB,T6P 1K3,[redacted],[redacted],M,60,53.5078,-113.3723
419,Asha,Zoldak,[redacted],Saint-Stanislas,QC,G8L 7B6,[redacted],[redacted],F,65,48.8763,-72.212
420,Verlene,Billow,[redacted],Brampton,ON,L6P 0X3,[redacted],[redacted],M,37,43.7942,-79.7021
421,Yesenia,Giglio,[redacted],Janeville,NB,E2A 5K7,[redacted],[redacted],Not Specified,22,47.6181,-65.6511
422,Tayna,Sine,[redacted],Burlington,ON,L7R 3Y8,[redacted],[redacted],Not Specified,35,43.375,-79.8434
423,Verona,Jobst,[redacted],Montreal,QC,H3V 1E3,[redacted],[redacted],M,62,45.499,-73.6089
424,Denae,Eggers,[redacted],Winnipeg,MB,R2K 3B5,[redacted],[redacted],M,28,49.9203,-97.083
425,Rikki,Montalgo,[redacted],Montreal,QC,H2K 3M3,[redacted],[redacted],Not Specified,54,45.5307,-73.5547
426,Nan,Weekly,[redacted],London,ON,N5Y 5M9,[redacted],[redacted],Not Specified,30,43.0123,-81.2307
427,Sherell,Despain,[redacted],Surrey,BC,V3R 6N7,[redacted],[redacted],M,47,49.1948,-122.8131
428,Coral,Brennick,[redacted],Boucherville,QC,J4B 1R5,[redacted],[redacted],M,60,45.591,-73.4361
429,Phyliss,Huelse,[redacted],Lethbridge,AB,T1K 2L9,[redacted],[redacted],F,39,49.6511,-112.8351
430,Jesse,Wida,[redacted],Burlington,ON,L7T 3Y9,[redacted],[redacted],M,67,43.3081,-79.8507
431,Latonia,Helander,[redacted],Brampton,ON,L6V 4R8,[redacted],[redacted],M,36,43.7059,-79.7626
432,Aimee,Clozza,[redacted],Ottawa,ON,K1K 0K4,[redacted],[redacted],Not Specified,62,45.4448,-75.6431
433,Marcelle,Staie,[redacted],Stoney Creek,ON,L8E 4S4,[redacted],[redacted],F,67,43.2245,-79.6988
434,Ilda,Schuring,[redacted],St. Albert,AB,T8N 1L5,[redacted],[redacted],M,45,53.6334,-113.6353
435,Aileen,Klukken,[redacted],North York,ON,M2N 2T3,[redacted],[redacted],M,45,43.7673,-79.4111
436,Davida,Zeng,[redacted],Sainte-Sophie,QC,J5J 2B5,[redacted],[redacted],F,24,45.8306,-73.9191
437,Beata,Rubarts,[redacted],Victoria,BC,V8X 1R2,[redacted],[redacted],F,61,48.4777,-123.3658
438,Angelyn,Wieand,[redacted],Brampton,ON,L6X 0E3,[redacted],[redacted],M,56,43.6665,-79.8054
439,Claudio,Hummell,[redacted],Calgary,AB,T3L 2H1,[redacted],[redacted],F,31,51.1467,-114.3133
440,Krystal,Twyman,[redacted],Scarborough,ON,M1C 1N8,[redacted],[redacted],M,42,43.7878,-79.1564
441,Adela,Echegoyen,[redacted],Burnaby,BC,V5B 4L5,[redacted],[redacted],F,19,49.2769,-122.9761
442,Ryan,Phibbs,[redacted],Regina,SK,S4V 3B8,[redacted],[redacted],F,33,50.4251,-104.5389
443,Edmond,Buettner,[redacted],Saint-Eustache,QC,J7P 1A5,[redacted],[redacted],Not Specified,65,45.5779,-73.8809
444,Catina,Emmert,[redacted],Thunder Bay,ON,P7C 4H3,[redacted],[redacted],F,44,48.352,-89.4649
445,Milly,Pattengale,[redacted],Wetaskiwin,AB,T9A 3K1,[redacted],[redacted],F,56,52.9668,-113.3687
446,Jules,Erichsen,[redacted],Mississauga,ON,L5C 1L3,[redacted],[redacted],Not Specified,63,43.5624,-79.6504
447,Denna,Miklitz,[redacted],Saint-Jean-sur-Richelieu,QC,J3B 0C5,[redacted],[redacted],M,64,45.2832,-73.2792
448,Willetta,Cesa,[redacted],Membertou,NS,B1S 2P3,[redacted],[redacted],M,50,46.1109,-60.2092
449,Johna,Magathan,[redacted],Edmonton,AB,T6K 4E5,[redacted],[redacted],M,26,53.4609,-113.4519
450,Ollie,Oliverson,[redacted],Etobicoke,ON,M9W 3W4,[redacted],[redacted],M,46,43.7144,-79.5909
451,Sherly,Vitrano,[redacted],Sydney,NS,B1P 1C1,[redacted],[redacted],F,19,46.1341,-60.1749
452,Kindra,Dishong,[redacted],Nepean,ON,K2E 6A5,[redacted],[redacted],M,45,45.3438,-75.7157
453,Vanda,Tentler,[redacted],Kimberley,BC,V1A 2M7,[redacted],[redacted],Not Specified,33,49.6832,-115.9855
454,Marshall,Fitgerald,[redacted],Calgary,AB,T2M 4H2,[redacted],[redacted],F,19,51.133,-113.856
455,Kelvin,Hasha,[redacted],Edmonton,AB,T5M 4A7,[redacted],[redacted],Not Specified,48,53.563,-113.5662
456,Darrin,Mathiasen,[redacted],Boucherville,QC,J4B 3Y4,[redacted],[redacted],F,31,45.591,-73.4361
457,Susana,Mccarley,[redacted],Windsor,ON,N9E 2G5,[redacted],[redacted],Not Specified,66,42.2652,-83.0314
458,Wilson,Nickelson,[redacted],North York,ON,M2J 3W5,[redacted],[redacted],M,52,43.7801,-79.3479
459,Malissa,Talty,[redacted],Saint John,NB,E2M 2N5,[redacted],[redacted],M,40,45.2347,-66.1749
460,Tandra,Castillanos,[redacted],Hamilton,ON,L9C 3G2,[redacted],[redacted],F,58,43.2313,-79.9049
461,Lorean,Sammon,[redacted],Regina,SK,S4S 3Y3,[redacted],[redacted],F,28,50.4153,-104.6103
462,Desirae,Oien,[redacted],Calgary,AB,T2C 0Z5,[redacted],[redacted],Not Specified,35,50.987,-113.9634
463,Delsie,Cerao,[redacted],English Settlement,NB,E6B 2J9,[redacted],[redacted],F,23,46.3381,-66.9058
464,Mabel,Elmquist,[redacted],Winnipeg,MB,R2K 0Y2,[redacted],[redacted],F,30,49.9203,-97.083
465,Marnie,Purslow,[redacted],Winnipeg,MB,R2V 3G6,[redacted],[redacted],F,32,49.9548,-97.1112
466,Rene,Granier,[redacted],Calgary,AB,T3Z 1H1,[redacted],[redacted],F,38,51.0691,-114.4727
467,Trevor,Harnist,[redacted],Dartmouth,NS,B2Y 1G7,[redacted],[redacted],M,59,44.6645,-63.5453
468,Sharmaine,Batdorf,[redacted],Saint-Basile,NB,E7C 2L8,[redacted],[redacted],M,44,47.6583,-68.0684
469,Ricki,Traux,[redacted],Montreal,QC,H3J 1S4,[redacted],[redacted],F,42,45.4861,-73.5732
470,Bernadine,Shufelt,[redacted],Sudbury,ON,P3C 2X6,[redacted],[redacted],Not Specified,52,46.5133,-81.0225
471,Shad,Reider,[redacted],Lloydminster,AB,T9V 2M7,[redacted],[redacted],F,25,53.2717,-110.0853
472,Kenneth,Degennaro,[redacted],St Martins,NB,E5R 1G5,[redacted],[redacted],Not Specified,39,45.351,-65.5457
473,Marleen,Hennon,[redacted],Abbotsford,BC,V2S 4M2,[redacted],[redacted],M,39,49.0423,-122.2835
474,Joaquin,Geitner,[redacted],Calgary,AB,T2K 4M8,[redacted],[redacted],Not Specified,24,51.1111,-114.0477
475,Slyvia,Stockham,[redacted],Quebec,QC,G1K 5J8,[redacted],[redacted],M,48,46.814,-71.2194
476,Kris,Bala,[redacted],Brampton,ON,L7A 2E8,[redacted],[redacted],M,44,43.6909,-79.8377
477,Gussie,Diflorio,[redacted],Trenton,ON,K8V 1G7,[redacted],[redacted],F,57,44.0992,-77.5776
478,Lavelle,Lillywhite,[redacted],La Malbaie,QC,G5A 2R8,[redacted],[redacted],M,35,47.6575,-70.1559
479,Bev,Dermo,[redacted],Surrey,BC,V3X 1X5,[redacted],[redacted],F,55,49.1067,-122.8576
480,Bette,Digiovanni,[redacted],London,ON,N6K 4J9,[redacted],[redacted],Not Specified,37,42.9536,-81.3418
481,Lajuana,Mccloud,[redacted],Saint-Thomas,QC,J0K 3L0,[redacted],[redacted],M,58,46.7966,-73.8705
482,Shakira,Westervelt,[redacted],North Vancouver,BC,V7J 2J9,[redacted],[redacted],F,57,49.3622,-123.0178
483,Matt,Nickolich,[redacted],Regina,SK,S4S 5Y2,[redacted],[redacted],F,60,50.4153,-104.6103
484,Clemencia,Momplaisir,[redacted],Montreal,QC,H3J 2N8,[redacted],[redacted],Not Specified,51,45.4861,-73.5732
485,Oliva,Ambert,[redacted],Dawson Settlement,NB,E4H 2B6,[redacted],[redacted],M,24,45.9199,-64.6552
486,Ranee,Maye,[redacted],Les Cedres,QC,J7T 3A9,[redacted],[redacted],M,26,45.3702,-74.1249
487,Ming,Eskew,[redacted],Victoria,BC,V9A 6P6,[redacted],[redacted],Not Specified,60,48.4496,-123.4193
488,Annice,Peckens,[redacted],Victoria,BC,V8V 2P7,[redacted],[redacted],F,67,48.4167,-123.365
489,Effie,Frymark,[redacted],London,ON,N5W 5G1,[redacted],[redacted],M,43,42.9856,-81.1821
490,Maricela,Conger,[redacted],Coquitlam,BC,V3E 1Y4,[redacted],[redacted],F,26,49.3167,-122.7384
491,Esteban,Plantenberg,[redacted],Surrey,BC,V4P 0C4,[redacted],[redacted],Not Specified,23,49.0561,-122.8302
492,Doretha,Wykle,[redacted],Kenora,ON,P9N 4E7,[redacted],[redacted],Not Specified,38,49.7573,-94.3427
493,Dorsey,Neitzke,[redacted],Truro,NS,B2N 3P6,[redacted],[redacted],Not Specified,59,45.3668,-63.2654
494,Amie,Okuniewski,[redacted],Pembroke,ON,K8A 8M7,[redacted],[redacted],F,24,45.7466,-77.2047
495,Bulah,Berkoff,[redacted],Strathroy,ON,N7G 3V5,[redacted],[redacted],F,27,42.9551,-81.6223
496,Erin,Delbosque,[redacted],Longueuil,QC,J4M 2A8,[redacted],[redacted],M,56,45.5418,-73.4382
497,Kassandra,Marushia,[redacted],Nanaimo,BC,V9R 1C9,[redacted],[redacted],F,20,49.1609,-123.9825
498,Leslee,Matsuno,[redacted],Quebec,QC,G1H 1A6,[redacted],[redacted],F,41,46.8528,-71.2573
499,Daniel,Dobler,[redacted],Beresford,NB,E8K 1B7,[redacted],[redacted],Not Specified,56,47.6913,-65.6989
500,Antonio,Unruh,[redacted],Port Coquitlam,BC,V3C 2Z4,[redacted],[redacted],F,53,49.2436,-122.7865
