ReturnDate,TerritoryKey,ProductKey,ReturnQuantity,Reason for Return,Reason Comment
01 18 2015,9,312,1,1,Broken Item received
01 18 2015,10,310,1,2,Product Quality not up to mark
01 21 2015,8,346,1,2,Product Quality not up to mark
01 22 2015,4,311,1,1,Broken Item received
02 2 2015,6,312,1,1,Broken Item received
02 15 2015,1,312,1,1,Broken Item received
02 19 2015,9,311,1,2,Product Quality not up to mark
02 24 2015,8,314,1,2,Product Quality not up to mark
03 8 2015,8,350,1,3,Unable to pay cash on delivery (COD)
03 13 2015,9,350,1,3,Unable to pay cash on delivery (COD)
03 14 2015,4,346,1,1,Broken Item received
03 15 2015,9,340,1,3,Unable to pay cash on delivery (COD)
03 22 2015,4,311,1,1,Broken Item received
03 26 2015,10,312,1,2,Product Quality not up to mark
03 28 2015,7,312,1,3,Unable to pay cash on delivery (COD)
03 28 2015,9,314,1,2,Product Quality not up to mark
03 29 2015,9,311,1,2,Product Quality not up to mark
04 1 2015,8,311,1,1,Broken Item received
04 7 2015,9,311,1,1,Broken Item received
04 7 2015,9,351,1,1,Broken Item received
04 9 2015,9,311,1,2,Product Quality not up to mark
04 10 2015,9,326,1,1,Broken Item received
04 15 2015,9,312,1,1,Broken Item received
04 16 2015,9,349,1,2,Product Quality not up to mark
04 20 2015,9,310,1,2,Product Quality not up to mark
04 21 2015,9,312,1,1,Broken Item received
04 25 2015,4,324,1,1,Broken Item received
04 27 2015,1,314,1,1,Broken Item received
04 29 2015,6,310,1,2,Product Quality not up to mark
04 29 2015,9,348,1,2,Product Quality not up to mark
04 30 2015,8,330,1,3,Unable to pay cash on delivery (COD)
05 1 2015,4,312,1,3,Unable to pay cash on delivery (COD)
05 6 2015,9,324,1,2,Product Quality not up to mark
05 7 2015,9,351,1,1,Broken Item received
05 13 2015,1,310,1,1,Broken Item received
05 14 2015,7,313,1,1,Broken Item received
05 16 2015,6,313,1,3,Unable to pay cash on delivery (COD)
05 16 2015,7,313,1,1,Broken Item received
05 22 2015,9,314,1,3,Unable to pay cash on delivery (COD)
05 24 2015,8,322,1,3,Unable to pay cash on delivery (COD)
05 30 2015,1,313,1,1,Broken Item received
05 30 2015,4,314,1,2,Product Quality not up to mark
06 5 2015,4,313,1,3,Unable to pay cash on delivery (COD)
06 7 2015,4,342,1,1,Broken Item received
06 20 2015,9,347,1,3,Unable to pay cash on delivery (COD)
06 24 2015,9,320,1,1,Broken Item received
07 3 2015,4,373,1,3,Unable to pay cash on delivery (COD)
07 11 2015,8,387,1,3,Unable to pay cash on delivery (COD)
07 22 2015,8,379,1,3,Unable to pay cash on delivery (COD)
08 14 2015,6,377,1,3,Unable to pay cash on delivery (COD)
08 15 2015,1,377,1,2,Product Quality not up to mark
08 15 2015,8,328,1,3,Unable to pay cash on delivery (COD)
08 26 2015,4,387,1,1,Broken Item received
08 28 2015,4,370,1,2,Product Quality not up to mark
08 31 2015,10,373,1,2,Product Quality not up to mark
09 3 2015,9,369,1,1,Broken Item received
09 10 2015,1,354,1,3,Unable to pay cash on delivery (COD)
10 3 2015,1,352,1,3,Unable to pay cash on delivery (COD)
10 7 2015,9,352,1,2,Product Quality not up to mark
10 8 2015,10,354,1,3,Unable to pay cash on delivery (COD)
10 12 2015,9,379,1,3,Unable to pay cash on delivery (COD)
10 13 2015,9,352,2,3,Unable to pay cash on delivery (COD)
10 23 2015,9,354,1,1,Broken Item received
10 25 2015,8,334,1,1,Broken Item received
10 27 2015,6,368,1,3,Unable to pay cash on delivery (COD)
10 28 2015,8,373,1,2,Product Quality not up to mark
10 30 2015,7,370,1,3,Unable to pay cash on delivery (COD)
11 16 2015,8,379,1,1,Broken Item received
11 20 2015,8,360,1,2,Product Quality not up to mark
11 23 2015,9,326,1,2,Product Quality not up to mark
11 24 2015,1,330,1,3,Unable to pay cash on delivery (COD)
11 27 2015,10,320,1,3,Unable to pay cash on delivery (COD)
12 1 2015,10,356,1,2,Product Quality not up to mark
12 4 2015,4,324,1,1,Broken Item received
12 5 2015,6,389,1,1,Broken Item received
12 6 2015,10,360,1,1,Broken Item received
12 10 2015,9,334,1,3,Unable to pay cash on delivery (COD)
12 11 2015,9,375,1,1,Broken Item received
12 12 2015,8,377,1,3,Unable to pay cash on delivery (COD)
12 12 2015,9,362,1,2,Product Quality not up to mark
12 12 2015,9,379,1,2,Product Quality not up to mark
12 14 2015,9,377,1,1,Broken Item received
12 16 2015,4,377,1,3,Unable to pay cash on delivery (COD)
12 18 2015,4,352,1,2,Product Quality not up to mark
12 25 2015,8,389,1,1,Broken Item received
01 7 2016,9,362,1,3,Unable to pay cash on delivery (COD)
01 9 2016,8,373,1,3,Unable to pay cash on delivery (COD)
01 10 2016,9,381,1,3,Unable to pay cash on delivery (COD)
01 16 2016,7,371,1,1,Broken Item received
01 23 2016,4,332,1,2,Product Quality not up to mark
01 23 2016,9,354,1,2,Product Quality not up to mark
01 26 2016,9,330,1,1,Broken Item received
01 31 2016,4,360,1,1,Broken Item received
02 1 2016,1,354,1,3,Unable to pay cash on delivery (COD)
02 12 2016,9,330,1,3,Unable to pay cash on delivery (COD)
02 14 2016,4,381,1,3,Unable to pay cash on delivery (COD)
02 20 2016,9,328,1,2,Product Quality not up to mark
02 20 2016,9,377,1,3,Unable to pay cash on delivery (COD)
02 22 2016,8,369,1,3,Unable to pay cash on delivery (COD)
02 22 2016,9,362,1,3,Unable to pay cash on delivery (COD)
02 25 2016,9,370,1,3,Unable to pay cash on delivery (COD)
03 8 2016,9,352,1,1,Broken Item received
03 12 2016,1,336,1,2,Product Quality not up to mark
03 18 2016,7,370,1,1,Broken Item received
03 20 2016,9,360,1,1,Broken Item received
03 21 2016,6,330,1,1,Broken Item received
03 24 2016,7,330,1,3,Unable to pay cash on delivery (COD)
03 29 2016,9,375,1,3,Unable to pay cash on delivery (COD)
03 31 2016,7,368,1,1,Broken Item received
04 1 2016,8,373,1,3,Unable to pay cash on delivery (COD)
04 4 2016,7,387,1,2,Product Quality not up to mark
04 13 2016,8,362,1,1,Broken Item received
04 25 2016,1,320,1,2,Product Quality not up to mark
04 27 2016,4,373,1,2,Product Quality not up to mark
05 1 2016,1,322,1,1,Broken Item received
05 1 2016,9,352,1,1,Broken Item received
05 3 2016,9,370,1,1,Broken Item received
05 11 2016,7,352,1,2,Product Quality not up to mark
05 16 2016,9,354,1,3,Unable to pay cash on delivery (COD)
05 21 2016,4,371,1,1,Broken Item received
05 23 2016,8,328,1,1,Broken Item received
05 26 2016,7,360,1,3,Unable to pay cash on delivery (COD)
05 27 2016,7,326,1,3,Unable to pay cash on delivery (COD)
05 31 2016,4,369,1,2,Product Quality not up to mark
06 10 2016,4,356,1,3,Unable to pay cash on delivery (COD)
06 12 2016,10,381,1,3,Unable to pay cash on delivery (COD)
06 13 2016,4,371,1,1,Broken Item received
06 15 2016,4,332,1,3,Unable to pay cash on delivery (COD)
06 19 2016,1,328,1,1,Broken Item received
06 21 2016,10,368,1,2,Product Quality not up to mark
06 25 2016,7,369,1,1,Broken Item received
06 27 2016,9,362,1,1,Broken Item received
07 2 2016,9,375,1,2,Product Quality not up to mark
07 3 2016,9,354,1,2,Product Quality not up to mark
07 3 2016,9,477,1,1,Broken Item received
07 3 2016,9,479,1,2,Product Quality not up to mark
07 4 2016,9,356,1,3,Unable to pay cash on delivery (COD)
07 6 2016,10,528,1,3,Unable to pay cash on delivery (COD)
07 7 2016,10,358,1,3,Unable to pay cash on delivery (COD)
07 8 2016,8,381,1,3,Unable to pay cash on delivery (COD)
07 8 2016,9,478,1,2,Product Quality not up to mark
07 8 2016,9,480,1,1,Broken Item received
07 8 2016,9,487,1,3,Unable to pay cash on delivery (COD)
07 8 2016,10,480,1,1,Broken Item received
07 9 2016,7,215,1,2,Product Quality not up to mark
07 11 2016,4,477,1,2,Product Quality not up to mark
07 11 2016,8,232,1,1,Broken Item received
07 12 2016,4,478,1,2,Product Quality not up to mark
07 12 2016,7,389,1,2,Product Quality not up to mark
07 13 2016,4,352,1,1,Broken Item received
07 13 2016,9,371,1,2,Product Quality not up to mark
07 13 2016,9,485,1,2,Product Quality not up to mark
07 14 2016,4,605,1,2,Product Quality not up to mark
07 15 2016,1,540,1,3,Unable to pay cash on delivery (COD)
07 15 2016,4,478,1,1,Broken Item received
07 15 2016,7,483,1,1,Broken Item received
07 15 2016,7,540,1,3,Unable to pay cash on delivery (COD)
07 15 2016,10,484,1,3,Unable to pay cash on delivery (COD)
07 16 2016,1,223,1,2,Product Quality not up to mark
07 19 2016,4,537,1,1,Broken Item received
07 22 2016,1,477,1,2,Product Quality not up to mark
07 23 2016,9,377,1,3,Unable to pay cash on delivery (COD)
07 23 2016,10,220,1,3,Unable to pay cash on delivery (COD)
07 24 2016,10,477,1,1,Broken Item received
07 25 2016,9,537,1,1,Broken Item received
07 26 2016,9,487,1,2,Product Quality not up to mark
07 26 2016,9,528,1,2,Product Quality not up to mark
07 28 2016,7,377,1,3,Unable to pay cash on delivery (COD)
07 28 2016,8,485,1,3,Unable to pay cash on delivery (COD)
07 29 2016,8,462,1,2,Product Quality not up to mark
07 29 2016,9,480,1,1,Broken Item received
07 29 2016,9,487,1,2,Product Quality not up to mark
07 29 2016,10,480,1,3,Unable to pay cash on delivery (COD)
07 30 2016,8,604,1,2,Product Quality not up to mark
07 31 2016,4,540,1,2,Product Quality not up to mark
07 31 2016,7,220,1,2,Product Quality not up to mark
07 31 2016,9,489,1,2,Product Quality not up to mark
08 1 2016,4,487,1,2,Product Quality not up to mark
08 1 2016,9,486,1,3,Unable to pay cash on delivery (COD)
08 2 2016,4,477,1,3,Unable to pay cash on delivery (COD)
08 2 2016,6,477,1,3,Unable to pay cash on delivery (COD)
08 2 2016,9,539,1,3,Unable to pay cash on delivery (COD)
08 3 2016,6,229,1,1,Broken Item received
08 3 2016,6,537,1,1,Broken Item received
08 3 2016,6,540,1,2,Product Quality not up to mark
08 4 2016,1,478,1,2,Product Quality not up to mark
08 5 2016,4,484,1,3,Unable to pay cash on delivery (COD)
08 5 2016,4,528,1,1,Broken Item received
08 5 2016,6,220,1,2,Product Quality not up to mark
08 6 2016,8,529,1,2,Product Quality not up to mark
08 7 2016,6,480,1,3,Unable to pay cash on delivery (COD)
08 7 2016,9,375,1,1,Broken Item received
08 7 2016,9,480,1,2,Product Quality not up to mark
08 7 2016,10,479,1,3,Unable to pay cash on delivery (COD)
08 7 2016,10,537,1,1,Broken Item received
08 8 2016,1,536,1,2,Product Quality not up to mark
08 8 2016,10,371,1,2,Product Quality not up to mark
08 9 2016,9,373,1,1,Broken Item received
08 9 2016,9,535,1,1,Broken Item received
08 9 2016,9,540,1,1,Broken Item received
08 10 2016,7,477,1,1,Broken Item received
08 10 2016,9,220,1,2,Product Quality not up to mark
08 11 2016,4,385,1,2,Product Quality not up to mark
08 11 2016,6,477,1,1,Broken Item received
08 11 2016,9,528,1,1,Broken Item received
08 12 2016,1,528,1,1,Broken Item received
08 12 2016,4,529,1,1,Broken Item received
08 12 2016,4,535,1,1,Broken Item received
08 12 2016,6,480,1,1,Broken Item received
08 12 2016,8,477,1,3,Unable to pay cash on delivery (COD)
08 12 2016,10,464,1,3,Unable to pay cash on delivery (COD)
08 12 2016,10,565,1,3,Unable to pay cash on delivery (COD)
08 13 2016,1,387,1,2,Product Quality not up to mark
08 13 2016,4,478,1,3,Unable to pay cash on delivery (COD)
08 13 2016,4,487,1,3,Unable to pay cash on delivery (COD)
08 13 2016,6,529,1,1,Broken Item received
08 13 2016,10,590,1,3,Unable to pay cash on delivery (COD)
08 14 2016,6,235,1,3,Unable to pay cash on delivery (COD)
08 14 2016,7,538,1,2,Product Quality not up to mark
08 14 2016,8,214,1,1,Broken Item received
08 14 2016,8,226,1,2,Product Quality not up to mark
08 14 2016,8,530,1,2,Product Quality not up to mark
08 14 2016,10,215,1,1,Broken Item received
08 15 2016,1,528,1,1,Broken Item received
08 15 2016,1,529,1,1,Broken Item received
08 15 2016,1,536,1,1,Broken Item received
08 15 2016,6,229,1,1,Broken Item received
08 15 2016,6,478,1,2,Product Quality not up to mark
08 15 2016,8,538,1,1,Broken Item received
08 15 2016,10,226,1,2,Product Quality not up to mark
08 16 2016,4,356,1,1,Broken Item received
08 16 2016,4,485,1,1,Broken Item received
08 16 2016,6,478,1,1,Broken Item received
08 17 2016,4,220,1,1,Broken Item received
08 17 2016,7,539,1,3,Unable to pay cash on delivery (COD)
08 17 2016,9,529,1,3,Unable to pay cash on delivery (COD)
08 18 2016,1,360,1,2,Product Quality not up to mark
08 18 2016,7,477,1,3,Unable to pay cash on delivery (COD)
08 18 2016,7,478,1,3,Unable to pay cash on delivery (COD)
08 19 2016,4,477,2,3,Unable to pay cash on delivery (COD)
08 19 2016,7,540,1,1,Broken Item received
08 19 2016,8,223,1,1,Broken Item received
08 20 2016,4,529,1,1,Broken Item received
08 20 2016,8,220,1,1,Broken Item received
08 20 2016,9,229,1,2,Product Quality not up to mark
08 20 2016,9,529,1,3,Unable to pay cash on delivery (COD)
08 20 2016,9,530,1,1,Broken Item received
08 21 2016,1,214,1,3,Unable to pay cash on delivery (COD)
08 21 2016,8,214,1,1,Broken Item received
08 22 2016,4,220,1,3,Unable to pay cash on delivery (COD)
08 23 2016,4,477,1,2,Product Quality not up to mark
08 23 2016,10,362,1,2,Product Quality not up to mark
08 24 2016,1,486,1,2,Product Quality not up to mark
08 24 2016,1,535,1,1,Broken Item received
08 24 2016,4,478,1,2,Product Quality not up to mark
08 24 2016,4,480,1,3,Unable to pay cash on delivery (COD)
08 24 2016,4,486,1,1,Broken Item received
08 24 2016,4,528,1,1,Broken Item received
08 24 2016,6,478,1,1,Broken Item received
08 24 2016,9,214,1,1,Broken Item received
08 24 2016,9,480,1,3,Unable to pay cash on delivery (COD)
08 24 2016,10,480,1,1,Broken Item received
08 25 2016,4,215,1,3,Unable to pay cash on delivery (COD)
08 25 2016,4,232,1,2,Product Quality not up to mark
08 25 2016,4,565,1,1,Broken Item received
08 25 2016,7,487,1,2,Product Quality not up to mark
08 25 2016,7,529,1,3,Unable to pay cash on delivery (COD)
08 25 2016,9,540,1,3,Unable to pay cash on delivery (COD)
08 26 2016,1,476,1,2,Product Quality not up to mark
08 26 2016,7,362,1,1,Broken Item received
08 26 2016,9,226,1,1,Broken Item received
08 26 2016,9,466,1,2,Product Quality not up to mark
08 27 2016,6,477,1,2,Product Quality not up to mark
08 27 2016,8,477,1,2,Product Quality not up to mark
08 28 2016,1,540,1,3,Unable to pay cash on delivery (COD)
08 28 2016,4,575,1,2,Product Quality not up to mark
08 28 2016,6,223,1,1,Broken Item received
08 28 2016,6,477,1,1,Broken Item received
08 29 2016,4,477,1,2,Product Quality not up to mark
08 29 2016,4,489,1,2,Product Quality not up to mark
08 29 2016,7,477,1,1,Broken Item received
08 29 2016,7,529,1,1,Broken Item received
08 30 2016,1,477,1,2,Product Quality not up to mark
08 30 2016,1,480,2,2,Product Quality not up to mark
08 30 2016,4,464,1,1,Broken Item received
08 30 2016,6,482,1,1,Broken Item received
08 30 2016,6,528,1,2,Product Quality not up to mark
08 30 2016,7,539,1,2,Product Quality not up to mark
08 30 2016,9,479,1,1,Broken Item received
08 30 2016,9,529,1,1,Broken Item received
08 30 2016,10,530,1,2,Product Quality not up to mark
08 31 2016,1,480,1,3,Unable to pay cash on delivery (COD)
08 31 2016,1,568,1,3,Unable to pay cash on delivery (COD)
08 31 2016,7,530,1,2,Product Quality not up to mark
08 31 2016,9,480,1,2,Product Quality not up to mark
09 1 2016,1,220,1,3,Unable to pay cash on delivery (COD)
09 1 2016,6,535,1,2,Product Quality not up to mark
09 2 2016,7,478,1,2,Product Quality not up to mark
09 2 2016,9,385,1,2,Product Quality not up to mark
09 3 2016,1,477,1,2,Product Quality not up to mark
09 3 2016,1,538,1,2,Product Quality not up to mark
09 3 2016,4,466,1,1,Broken Item received
09 3 2016,6,574,1,1,Broken Item received
09 3 2016,9,362,1,2,Product Quality not up to mark
09 3 2016,9,480,1,1,Broken Item received
09 3 2016,9,528,1,2,Product Quality not up to mark
09 3 2016,9,561,1,3,Unable to pay cash on delivery (COD)
09 4 2016,6,477,1,1,Broken Item received
09 4 2016,6,541,1,3,Unable to pay cash on delivery (COD)
09 4 2016,7,528,1,3,Unable to pay cash on delivery (COD)
09 4 2016,10,484,1,2,Product Quality not up to mark
09 5 2016,1,477,1,2,Product Quality not up to mark
09 5 2016,4,362,1,3,Unable to pay cash on delivery (COD)
09 5 2016,4,537,1,2,Product Quality not up to mark
09 5 2016,6,220,1,3,Unable to pay cash on delivery (COD)
09 5 2016,9,477,1,3,Unable to pay cash on delivery (COD)
09 5 2016,9,485,1,1,Broken Item received
09 6 2016,1,214,1,1,Broken Item received
09 6 2016,4,477,1,1,Broken Item received
09 6 2016,4,478,1,3,Unable to pay cash on delivery (COD)
09 6 2016,8,562,1,1,Broken Item received
09 6 2016,9,480,1,1,Broken Item received
09 6 2016,10,223,1,2,Product Quality not up to mark
09 7 2016,4,220,1,2,Product Quality not up to mark
09 7 2016,9,358,1,2,Product Quality not up to mark
09 8 2016,6,475,1,1,Broken Item received
09 8 2016,9,360,1,3,Unable to pay cash on delivery (COD)
09 8 2016,9,538,1,3,Unable to pay cash on delivery (COD)
09 9 2016,4,477,1,1,Broken Item received
09 9 2016,7,477,1,3,Unable to pay cash on delivery (COD)
09 9 2016,7,478,1,3,Unable to pay cash on delivery (COD)
09 9 2016,8,480,1,3,Unable to pay cash on delivery (COD)
09 10 2016,9,385,1,1,Broken Item received
09 10 2016,9,528,1,3,Unable to pay cash on delivery (COD)
09 10 2016,10,489,1,1,Broken Item received
09 10 2016,10,529,1,1,Broken Item received
09 11 2016,8,538,1,3,Unable to pay cash on delivery (COD)
09 11 2016,9,480,1,3,Unable to pay cash on delivery (COD)
09 11 2016,10,389,1,2,Product Quality not up to mark
09 12 2016,4,214,1,3,Unable to pay cash on delivery (COD)
09 12 2016,6,536,1,1,Broken Item received
09 13 2016,4,358,1,1,Broken Item received
09 13 2016,4,474,1,3,Unable to pay cash on delivery (COD)
09 13 2016,6,477,1,3,Unable to pay cash on delivery (COD)
09 13 2016,7,477,1,1,Broken Item received
09 13 2016,9,478,1,3,Unable to pay cash on delivery (COD)
09 13 2016,10,223,1,2,Product Quality not up to mark
09 14 2016,10,537,1,3,Unable to pay cash on delivery (COD)
09 14 2016,10,576,1,1,Broken Item received
09 15 2016,1,387,1,1,Broken Item received
09 15 2016,6,215,1,2,Product Quality not up to mark
09 15 2016,6,479,1,2,Product Quality not up to mark
09 15 2016,6,529,1,1,Broken Item received
09 15 2016,10,529,1,3,Unable to pay cash on delivery (COD)
09 15 2016,10,530,1,1,Broken Item received
09 16 2016,1,478,1,1,Broken Item received
09 16 2016,1,537,1,1,Broken Item received
09 16 2016,4,477,1,2,Product Quality not up to mark
09 16 2016,6,478,2,1,Broken Item received
09 16 2016,6,529,1,3,Unable to pay cash on delivery (COD)
09 17 2016,4,464,1,3,Unable to pay cash on delivery (COD)
09 17 2016,6,464,1,1,Broken Item received
09 17 2016,8,214,1,1,Broken Item received
09 18 2016,1,540,1,2,Product Quality not up to mark
09 18 2016,8,373,1,3,Unable to pay cash on delivery (COD)
09 18 2016,9,529,1,1,Broken Item received
09 19 2016,1,220,1,1,Broken Item received
09 19 2016,1,389,1,3,Unable to pay cash on delivery (COD)
09 19 2016,1,528,1,2,Product Quality not up to mark
09 19 2016,6,538,1,1,Broken Item received
09 19 2016,10,581,1,2,Product Quality not up to mark
09 20 2016,6,387,1,3,Unable to pay cash on delivery (COD)
09 20 2016,6,479,1,1,Broken Item received
09 20 2016,10,477,1,3,Unable to pay cash on delivery (COD)
09 20 2016,10,538,1,1,Broken Item received
09 21 2016,1,538,1,3,Unable to pay cash on delivery (COD)
09 21 2016,4,477,1,1,Broken Item received
09 21 2016,7,480,1,1,Broken Item received
09 21 2016,7,529,1,2,Product Quality not up to mark
09 22 2016,4,535,1,1,Broken Item received
09 23 2016,4,477,1,3,Unable to pay cash on delivery (COD)
09 23 2016,6,464,1,1,Broken Item received
09 23 2016,8,491,1,3,Unable to pay cash on delivery (COD)
09 23 2016,10,541,1,2,Product Quality not up to mark
09 23 2016,10,561,1,2,Product Quality not up to mark
09 24 2016,1,232,1,2,Product Quality not up to mark
09 24 2016,1,535,1,2,Product Quality not up to mark
09 24 2016,6,474,1,3,Unable to pay cash on delivery (COD)
09 24 2016,10,215,1,3,Unable to pay cash on delivery (COD)
09 25 2016,1,539,1,3,Unable to pay cash on delivery (COD)
09 25 2016,7,528,1,3,Unable to pay cash on delivery (COD)
09 26 2016,1,483,1,3,Unable to pay cash on delivery (COD)
09 26 2016,1,538,1,3,Unable to pay cash on delivery (COD)
09 26 2016,1,593,1,2,Product Quality not up to mark
09 26 2016,4,477,1,2,Product Quality not up to mark
09 26 2016,4,485,1,3,Unable to pay cash on delivery (COD)
09 26 2016,6,215,1,1,Broken Item received
09 26 2016,8,529,1,3,Unable to pay cash on delivery (COD)
09 26 2016,8,536,1,3,Unable to pay cash on delivery (COD)
09 26 2016,8,582,1,3,Unable to pay cash on delivery (COD)
09 26 2016,9,488,1,2,Product Quality not up to mark
09 27 2016,8,528,1,2,Product Quality not up to mark
09 27 2016,10,232,1,3,Unable to pay cash on delivery (COD)
09 28 2016,1,477,1,2,Product Quality not up to mark
09 28 2016,6,528,1,1,Broken Item received
09 28 2016,8,229,1,3,Unable to pay cash on delivery (COD)
09 28 2016,9,223,1,2,Product Quality not up to mark
09 29 2016,6,528,1,3,Unable to pay cash on delivery (COD)
09 29 2016,10,540,1,2,Product Quality not up to mark
09 30 2016,1,471,1,3,Unable to pay cash on delivery (COD)
09 30 2016,4,605,1,3,Unable to pay cash on delivery (COD)
09 30 2016,6,528,2,3,Unable to pay cash on delivery (COD)
09 30 2016,8,538,1,3,Unable to pay cash on delivery (COD)
09 30 2016,9,605,1,1,Broken Item received
09 30 2016,10,528,1,1,Broken Item received
10 1 2016,4,478,1,1,Broken Item received
10 1 2016,6,232,1,2,Product Quality not up to mark
10 1 2016,10,358,1,3,Unable to pay cash on delivery (COD)
10 1 2016,10,477,1,3,Unable to pay cash on delivery (COD)
10 1 2016,10,528,1,3,Unable to pay cash on delivery (COD)
10 2 2016,1,480,1,3,Unable to pay cash on delivery (COD)
10 2 2016,1,535,1,1,Broken Item received
10 2 2016,4,214,1,3,Unable to pay cash on delivery (COD)
10 2 2016,4,529,1,1,Broken Item received
10 2 2016,9,215,1,1,Broken Item received
10 2 2016,10,529,1,1,Broken Item received
10 3 2016,8,352,1,2,Product Quality not up to mark
10 4 2016,4,479,1,3,Unable to pay cash on delivery (COD)
10 4 2016,4,487,1,1,Broken Item received
10 4 2016,6,480,1,1,Broken Item received
10 4 2016,9,214,1,3,Unable to pay cash on delivery (COD)
10 5 2016,1,485,1,1,Broken Item received
10 5 2016,6,480,1,1,Broken Item received
10 5 2016,10,466,1,2,Product Quality not up to mark
10 6 2016,4,485,1,1,Broken Item received
10 6 2016,9,223,1,2,Product Quality not up to mark
10 6 2016,9,360,1,2,Product Quality not up to mark
10 6 2016,9,477,1,1,Broken Item received
10 6 2016,9,478,1,3,Unable to pay cash on delivery (COD)
10 6 2016,9,488,1,1,Broken Item received
10 7 2016,6,538,1,2,Product Quality not up to mark
10 7 2016,10,235,1,2,Product Quality not up to mark
10 8 2016,1,536,1,3,Unable to pay cash on delivery (COD)
10 8 2016,4,477,1,1,Broken Item received
10 8 2016,9,480,1,2,Product Quality not up to mark
10 8 2016,9,540,1,3,Unable to pay cash on delivery (COD)
10 9 2016,1,223,1,1,Broken Item received
10 9 2016,1,478,1,2,Product Quality not up to mark
10 9 2016,4,223,1,2,Product Quality not up to mark
10 9 2016,7,229,1,1,Broken Item received
10 9 2016,7,530,1,1,Broken Item received
10 9 2016,8,235,1,3,Unable to pay cash on delivery (COD)
10 9 2016,9,477,1,2,Product Quality not up to mark
10 9 2016,10,464,1,1,Broken Item received
10 9 2016,10,480,1,3,Unable to pay cash on delivery (COD)
10 9 2016,10,529,1,2,Product Quality not up to mark
10 10 2016,4,232,1,2,Product Quality not up to mark
10 10 2016,4,464,1,3,Unable to pay cash on delivery (COD)
10 10 2016,4,537,1,3,Unable to pay cash on delivery (COD)
10 10 2016,9,478,1,1,Broken Item received
10 10 2016,9,529,1,3,Unable to pay cash on delivery (COD)
10 10 2016,9,535,1,2,Product Quality not up to mark
10 10 2016,10,479,1,2,Product Quality not up to mark
10 10 2016,10,535,1,3,Unable to pay cash on delivery (COD)
10 11 2016,1,580,1,1,Broken Item received
10 11 2016,4,528,1,3,Unable to pay cash on delivery (COD)
10 11 2016,6,600,1,3,Unable to pay cash on delivery (COD)
10 11 2016,9,530,1,1,Broken Item received
10 12 2016,6,476,1,3,Unable to pay cash on delivery (COD)
10 12 2016,6,537,1,2,Product Quality not up to mark
10 12 2016,6,539,1,2,Product Quality not up to mark
10 12 2016,9,360,1,1,Broken Item received
10 12 2016,10,214,1,3,Unable to pay cash on delivery (COD)
10 12 2016,10,215,1,3,Unable to pay cash on delivery (COD)
10 13 2016,9,223,1,1,Broken Item received
10 13 2016,9,383,1,1,Broken Item received
10 13 2016,10,540,1,1,Broken Item received
10 14 2016,1,581,1,3,Unable to pay cash on delivery (COD)
10 14 2016,4,215,1,1,Broken Item received
10 14 2016,9,477,1,2,Product Quality not up to mark
10 15 2016,1,604,1,2,Product Quality not up to mark
10 15 2016,10,352,1,1,Broken Item received
10 16 2016,4,479,1,2,Product Quality not up to mark
10 16 2016,4,485,1,1,Broken Item received
10 16 2016,9,489,1,1,Broken Item received
10 16 2016,10,381,1,1,Broken Item received
10 17 2016,6,480,1,2,Product Quality not up to mark
10 17 2016,8,530,1,3,Unable to pay cash on delivery (COD)
10 17 2016,9,485,1,3,Unable to pay cash on delivery (COD)
10 17 2016,9,538,1,3,Unable to pay cash on delivery (COD)
10 18 2016,7,482,1,3,Unable to pay cash on delivery (COD)
10 19 2016,4,589,1,3,Unable to pay cash on delivery (COD)
10 19 2016,9,220,1,2,Product Quality not up to mark
10 19 2016,9,354,1,2,Product Quality not up to mark
10 20 2016,1,466,1,2,Product Quality not up to mark
10 20 2016,1,480,1,2,Product Quality not up to mark
10 20 2016,1,535,1,2,Product Quality not up to mark
10 20 2016,9,464,1,2,Product Quality not up to mark
10 20 2016,10,478,1,3,Unable to pay cash on delivery (COD)
10 21 2016,1,223,1,1,Broken Item received
10 21 2016,4,482,1,2,Product Quality not up to mark
10 21 2016,6,215,1,2,Product Quality not up to mark
10 21 2016,9,537,1,3,Unable to pay cash on delivery (COD)
10 21 2016,9,539,1,3,Unable to pay cash on delivery (COD)
10 22 2016,1,605,1,3,Unable to pay cash on delivery (COD)
10 22 2016,6,530,1,1,Broken Item received
10 22 2016,7,605,1,3,Unable to pay cash on delivery (COD)
10 22 2016,9,479,1,2,Product Quality not up to mark
10 22 2016,9,537,1,3,Unable to pay cash on delivery (COD)
10 23 2016,1,223,1,2,Product Quality not up to mark
10 23 2016,4,360,1,1,Broken Item received
10 23 2016,4,485,1,1,Broken Item received
10 24 2016,4,214,1,2,Product Quality not up to mark
10 24 2016,7,466,1,1,Broken Item received
10 24 2016,8,541,1,1,Broken Item received
10 25 2016,4,540,1,1,Broken Item received
10 25 2016,4,606,1,3,Unable to pay cash on delivery (COD)
10 25 2016,9,477,1,3,Unable to pay cash on delivery (COD)
10 25 2016,9,481,1,1,Broken Item received
10 25 2016,10,485,1,1,Broken Item received
10 26 2016,1,389,1,1,Broken Item received
10 26 2016,1,528,1,1,Broken Item received
10 26 2016,1,529,1,1,Broken Item received
10 26 2016,1,530,1,3,Unable to pay cash on delivery (COD)
10 26 2016,4,488,1,2,Product Quality not up to mark
10 26 2016,8,478,1,3,Unable to pay cash on delivery (COD)
10 26 2016,9,541,1,3,Unable to pay cash on delivery (COD)
10 27 2016,6,220,1,2,Product Quality not up to mark
10 27 2016,9,489,1,3,Unable to pay cash on delivery (COD)
10 28 2016,4,223,1,3,Unable to pay cash on delivery (COD)
10 28 2016,7,480,1,3,Unable to pay cash on delivery (COD)
10 28 2016,7,484,1,2,Product Quality not up to mark
10 28 2016,7,577,1,1,Broken Item received
10 28 2016,9,220,1,3,Unable to pay cash on delivery (COD)
10 28 2016,9,477,1,2,Product Quality not up to mark
10 28 2016,10,471,1,2,Product Quality not up to mark
10 29 2016,4,581,1,1,Broken Item received
10 29 2016,6,541,1,2,Product Quality not up to mark
10 29 2016,8,235,1,2,Product Quality not up to mark
10 29 2016,9,538,1,3,Unable to pay cash on delivery (COD)
10 29 2016,10,477,1,2,Product Quality not up to mark
10 30 2016,4,537,1,2,Product Quality not up to mark
10 30 2016,6,475,1,2,Product Quality not up to mark
10 30 2016,9,358,1,3,Unable to pay cash on delivery (COD)
10 30 2016,10,371,1,3,Unable to pay cash on delivery (COD)
10 31 2016,1,596,1,3,Unable to pay cash on delivery (COD)
10 31 2016,4,215,1,2,Product Quality not up to mark
10 31 2016,7,530,1,1,Broken Item received
10 31 2016,8,358,1,2,Product Quality not up to mark
10 31 2016,8,528,1,3,Unable to pay cash on delivery (COD)
10 31 2016,8,584,1,1,Broken Item received
10 31 2016,9,604,1,2,Product Quality not up to mark
11 1 2016,6,477,1,1,Broken Item received
11 1 2016,6,478,1,3,Unable to pay cash on delivery (COD)
11 1 2016,6,528,1,1,Broken Item received
11 1 2016,6,529,1,3,Unable to pay cash on delivery (COD)
11 2 2016,4,215,1,2,Product Quality not up to mark
11 2 2016,6,360,1,2,Product Quality not up to mark
11 2 2016,7,477,1,1,Broken Item received
11 2 2016,9,214,1,1,Broken Item received
11 2 2016,10,385,1,3,Unable to pay cash on delivery (COD)
11 3 2016,4,474,1,2,Product Quality not up to mark
11 3 2016,4,541,1,2,Product Quality not up to mark
11 3 2016,8,375,1,1,Broken Item received
11 3 2016,9,489,1,1,Broken Item received
11 4 2016,4,466,1,1,Broken Item received
11 4 2016,10,528,1,1,Broken Item received
11 5 2016,1,478,1,2,Product Quality not up to mark
11 5 2016,9,480,1,1,Broken Item received
11 5 2016,10,529,1,3,Unable to pay cash on delivery (COD)
11 6 2016,1,485,1,3,Unable to pay cash on delivery (COD)
11 6 2016,4,477,2,3,Unable to pay cash on delivery (COD)
11 7 2016,1,354,1,3,Unable to pay cash on delivery (COD)
11 7 2016,4,477,2,3,Unable to pay cash on delivery (COD)
11 7 2016,6,478,1,3,Unable to pay cash on delivery (COD)
11 7 2016,6,540,1,3,Unable to pay cash on delivery (COD)
11 7 2016,8,477,1,1,Broken Item received
11 7 2016,9,477,1,2,Product Quality not up to mark
11 7 2016,9,535,1,3,Unable to pay cash on delivery (COD)
11 7 2016,9,537,1,2,Product Quality not up to mark
11 7 2016,9,604,1,2,Product Quality not up to mark
11 8 2016,1,478,1,1,Broken Item received
11 8 2016,4,472,1,3,Unable to pay cash on delivery (COD)
11 8 2016,10,536,1,2,Product Quality not up to mark
11 9 2016,1,478,1,2,Product Quality not up to mark
11 9 2016,7,220,1,2,Product Quality not up to mark
11 9 2016,9,477,1,2,Product Quality not up to mark
11 9 2016,10,477,1,2,Product Quality not up to mark
11 10 2016,1,362,1,3,Unable to pay cash on delivery (COD)
11 10 2016,4,530,1,3,Unable to pay cash on delivery (COD)
11 10 2016,6,528,1,1,Broken Item received
11 10 2016,7,479,1,2,Product Quality not up to mark
11 10 2016,10,485,1,2,Product Quality not up to mark
11 11 2016,1,220,1,1,Broken Item received
11 12 2016,4,480,1,3,Unable to pay cash on delivery (COD)
11 12 2016,6,606,1,1,Broken Item received
11 12 2016,8,477,1,3,Unable to pay cash on delivery (COD)
11 12 2016,9,535,1,1,Broken Item received
11 12 2016,10,541,1,3,Unable to pay cash on delivery (COD)
11 13 2016,1,479,1,2,Product Quality not up to mark
11 13 2016,1,562,1,1,Broken Item received
11 13 2016,9,375,1,3,Unable to pay cash on delivery (COD)
11 14 2016,1,466,1,2,Product Quality not up to mark
11 14 2016,1,589,1,3,Unable to pay cash on delivery (COD)
11 14 2016,4,478,1,3,Unable to pay cash on delivery (COD)
11 14 2016,7,215,1,2,Product Quality not up to mark
11 14 2016,7,538,1,2,Product Quality not up to mark
11 14 2016,9,537,1,3,Unable to pay cash on delivery (COD)
11 14 2016,9,592,1,2,Product Quality not up to mark
11 14 2016,10,215,1,2,Product Quality not up to mark
11 14 2016,10,477,1,2,Product Quality not up to mark
11 15 2016,1,480,1,1,Broken Item received
11 15 2016,4,478,1,3,Unable to pay cash on delivery (COD)
11 15 2016,4,560,1,1,Broken Item received
11 16 2016,1,528,1,3,Unable to pay cash on delivery (COD)
11 16 2016,4,538,1,1,Broken Item received
11 17 2016,1,480,1,2,Product Quality not up to mark
11 17 2016,6,605,1,2,Product Quality not up to mark
11 17 2016,8,584,1,2,Product Quality not up to mark
11 17 2016,9,487,1,2,Product Quality not up to mark
11 17 2016,10,385,1,1,Broken Item received
11 18 2016,1,479,1,2,Product Quality not up to mark
11 18 2016,6,480,1,2,Product Quality not up to mark
11 18 2016,7,220,1,3,Unable to pay cash on delivery (COD)
11 18 2016,7,487,1,2,Product Quality not up to mark
11 18 2016,8,541,1,3,Unable to pay cash on delivery (COD)
11 18 2016,9,220,1,3,Unable to pay cash on delivery (COD)
11 18 2016,10,529,1,1,Broken Item received
11 18 2016,10,583,1,3,Unable to pay cash on delivery (COD)
11 18 2016,10,584,1,1,Broken Item received
11 19 2016,4,220,1,3,Unable to pay cash on delivery (COD)
11 19 2016,4,377,1,1,Broken Item received
11 19 2016,4,486,1,3,Unable to pay cash on delivery (COD)
11 19 2016,4,541,1,2,Product Quality not up to mark
11 19 2016,6,584,1,3,Unable to pay cash on delivery (COD)
11 19 2016,8,214,1,3,Unable to pay cash on delivery (COD)
11 19 2016,9,214,1,1,Broken Item received
11 19 2016,9,582,1,3,Unable to pay cash on delivery (COD)
11 20 2016,4,481,1,2,Product Quality not up to mark
11 20 2016,6,462,1,1,Broken Item received
11 20 2016,6,538,1,2,Product Quality not up to mark
11 20 2016,8,529,1,2,Product Quality not up to mark
11 20 2016,9,487,1,3,Unable to pay cash on delivery (COD)
11 21 2016,1,220,1,3,Unable to pay cash on delivery (COD)
11 21 2016,1,226,1,2,Product Quality not up to mark
11 21 2016,4,362,1,3,Unable to pay cash on delivery (COD)
11 21 2016,4,464,1,2,Product Quality not up to mark
11 22 2016,4,356,1,1,Broken Item received
11 22 2016,4,485,1,3,Unable to pay cash on delivery (COD)
11 22 2016,6,220,1,3,Unable to pay cash on delivery (COD)
11 22 2016,9,489,1,1,Broken Item received
11 22 2016,10,214,1,1,Broken Item received
11 23 2016,1,478,1,1,Broken Item received
11 23 2016,1,479,1,1,Broken Item received
11 23 2016,4,215,1,1,Broken Item received
11 23 2016,4,476,1,3,Unable to pay cash on delivery (COD)
11 23 2016,9,214,1,1,Broken Item received
11 24 2016,1,220,1,1,Broken Item received
11 24 2016,1,528,1,3,Unable to pay cash on delivery (COD)
11 24 2016,9,536,1,2,Product Quality not up to mark
11 24 2016,10,358,1,2,Product Quality not up to mark
11 24 2016,10,478,1,3,Unable to pay cash on delivery (COD)
11 25 2016,4,485,1,2,Product Quality not up to mark
11 25 2016,6,484,1,3,Unable to pay cash on delivery (COD)
11 25 2016,6,528,1,3,Unable to pay cash on delivery (COD)
11 26 2016,4,529,1,2,Product Quality not up to mark
11 26 2016,7,479,1,2,Product Quality not up to mark
11 26 2016,8,484,1,2,Product Quality not up to mark
11 27 2016,6,528,1,3,Unable to pay cash on delivery (COD)
11 27 2016,9,462,1,3,Unable to pay cash on delivery (COD)
11 28 2016,1,480,1,1,Broken Item received
11 28 2016,1,483,1,2,Product Quality not up to mark
11 28 2016,1,530,1,1,Broken Item received
11 28 2016,4,477,1,3,Unable to pay cash on delivery (COD)
11 28 2016,9,215,1,1,Broken Item received
11 28 2016,9,589,1,3,Unable to pay cash on delivery (COD)
11 28 2016,10,477,1,2,Product Quality not up to mark
11 28 2016,10,478,1,1,Broken Item received
11 29 2016,1,535,1,1,Broken Item received
11 29 2016,10,477,1,1,Broken Item received
11 29 2016,10,479,1,3,Unable to pay cash on delivery (COD)
11 30 2016,1,476,1,3,Unable to pay cash on delivery (COD)
11 30 2016,4,214,1,3,Unable to pay cash on delivery (COD)
11 30 2016,4,535,1,2,Product Quality not up to mark
11 30 2016,7,476,1,3,Unable to pay cash on delivery (COD)
11 30 2016,9,606,1,2,Product Quality not up to mark
12 1 2016,1,215,1,1,Broken Item received
12 1 2016,6,535,1,3,Unable to pay cash on delivery (COD)
12 1 2016,7,220,1,2,Product Quality not up to mark
12 1 2016,7,586,1,3,Unable to pay cash on delivery (COD)
12 1 2016,8,223,1,2,Product Quality not up to mark
12 1 2016,8,477,1,1,Broken Item received
12 1 2016,9,214,1,3,Unable to pay cash on delivery (COD)
12 1 2016,9,540,1,2,Product Quality not up to mark
12 2 2016,6,474,1,3,Unable to pay cash on delivery (COD)
12 3 2016,1,528,1,1,Broken Item received
12 3 2016,1,535,1,1,Broken Item received
12 3 2016,6,464,1,2,Product Quality not up to mark
12 3 2016,6,528,1,2,Product Quality not up to mark
12 3 2016,9,488,1,1,Broken Item received
12 3 2016,10,220,1,1,Broken Item received
12 4 2016,1,478,1,1,Broken Item received
12 4 2016,1,539,1,2,Product Quality not up to mark
12 4 2016,8,477,1,2,Product Quality not up to mark
12 4 2016,9,529,1,3,Unable to pay cash on delivery (COD)
12 5 2016,4,214,1,3,Unable to pay cash on delivery (COD)
12 5 2016,4,528,1,3,Unable to pay cash on delivery (COD)
12 5 2016,6,478,1,2,Product Quality not up to mark
12 5 2016,8,385,1,3,Unable to pay cash on delivery (COD)
12 5 2016,9,477,1,1,Broken Item received
12 5 2016,10,214,1,2,Product Quality not up to mark
12 5 2016,10,215,1,2,Product Quality not up to mark
12 6 2016,1,528,1,1,Broken Item received
12 6 2016,4,215,1,3,Unable to pay cash on delivery (COD)
12 6 2016,6,485,1,2,Product Quality not up to mark
12 6 2016,8,563,1,2,Product Quality not up to mark
12 7 2016,4,466,1,1,Broken Item received
12 7 2016,4,528,1,1,Broken Item received
12 7 2016,4,540,1,1,Broken Item received
12 7 2016,6,474,1,2,Product Quality not up to mark
12 7 2016,7,220,1,2,Product Quality not up to mark
12 7 2016,7,595,1,1,Broken Item received
12 7 2016,9,564,1,1,Broken Item received
12 7 2016,10,598,1,2,Product Quality not up to mark
12 8 2016,4,214,1,2,Product Quality not up to mark
12 8 2016,9,490,1,2,Product Quality not up to mark
12 8 2016,9,577,1,3,Unable to pay cash on delivery (COD)
12 8 2016,10,462,1,3,Unable to pay cash on delivery (COD)
12 9 2016,4,223,1,1,Broken Item received
12 9 2016,4,480,1,2,Product Quality not up to mark
12 9 2016,4,530,1,1,Broken Item received
12 9 2016,4,537,1,1,Broken Item received
12 9 2016,6,471,1,1,Broken Item received
12 9 2016,6,475,1,1,Broken Item received
12 9 2016,8,479,1,3,Unable to pay cash on delivery (COD)
12 9 2016,9,479,1,3,Unable to pay cash on delivery (COD)
12 9 2016,9,530,1,2,Product Quality not up to mark
12 10 2016,7,537,1,1,Broken Item received
12 10 2016,9,478,1,1,Broken Item received
12 11 2016,1,371,1,2,Product Quality not up to mark
12 11 2016,9,476,1,3,Unable to pay cash on delivery (COD)
12 11 2016,9,477,1,1,Broken Item received
12 12 2016,4,220,1,3,Unable to pay cash on delivery (COD)
12 12 2016,6,214,1,3,Unable to pay cash on delivery (COD)
12 12 2016,7,214,1,2,Product Quality not up to mark
12 12 2016,7,530,1,1,Broken Item received
12 12 2016,7,536,1,2,Product Quality not up to mark
12 12 2016,8,478,1,2,Product Quality not up to mark
12 12 2016,10,485,1,3,Unable to pay cash on delivery (COD)
12 13 2016,1,480,1,1,Broken Item received
12 13 2016,1,485,1,3,Unable to pay cash on delivery (COD)
12 13 2016,4,535,1,3,Unable to pay cash on delivery (COD)
12 13 2016,6,529,1,3,Unable to pay cash on delivery (COD)
12 13 2016,8,223,1,2,Product Quality not up to mark
12 13 2016,9,486,1,3,Unable to pay cash on delivery (COD)
12 13 2016,9,530,1,2,Product Quality not up to mark
12 14 2016,1,540,1,3,Unable to pay cash on delivery (COD)
12 14 2016,4,479,1,3,Unable to pay cash on delivery (COD)
12 14 2016,6,220,1,2,Product Quality not up to mark
12 15 2016,1,362,1,2,Product Quality not up to mark
12 15 2016,1,478,1,3,Unable to pay cash on delivery (COD)
12 15 2016,6,577,1,2,Product Quality not up to mark
12 15 2016,7,489,1,1,Broken Item received
12 15 2016,8,528,1,2,Product Quality not up to mark
12 15 2016,8,538,1,3,Unable to pay cash on delivery (COD)
12 15 2016,9,535,1,1,Broken Item received
12 15 2016,9,572,1,1,Broken Item received
12 15 2016,10,480,1,1,Broken Item received
12 16 2016,1,480,1,3,Unable to pay cash on delivery (COD)
12 16 2016,6,530,1,1,Broken Item received
12 16 2016,9,385,1,2,Product Quality not up to mark
12 16 2016,10,484,1,2,Product Quality not up to mark
12 17 2016,1,474,1,1,Broken Item received
12 17 2016,1,539,1,3,Unable to pay cash on delivery (COD)
12 17 2016,4,220,1,3,Unable to pay cash on delivery (COD)
12 17 2016,4,583,1,2,Product Quality not up to mark
12 17 2016,6,528,1,3,Unable to pay cash on delivery (COD)
12 17 2016,6,537,1,1,Broken Item received
12 17 2016,10,477,1,3,Unable to pay cash on delivery (COD)
12 18 2016,1,358,1,3,Unable to pay cash on delivery (COD)
12 18 2016,6,477,1,1,Broken Item received
12 19 2016,8,220,1,1,Broken Item received
12 19 2016,9,576,1,3,Unable to pay cash on delivery (COD)
12 19 2016,10,356,1,3,Unable to pay cash on delivery (COD)
12 20 2016,1,529,1,2,Product Quality not up to mark
12 20 2016,6,478,1,1,Broken Item received
12 20 2016,8,223,1,1,Broken Item received
12 20 2016,9,535,1,1,Broken Item received
12 20 2016,10,575,1,2,Product Quality not up to mark
12 21 2016,1,477,1,2,Product Quality not up to mark
12 21 2016,6,360,1,1,Broken Item received
12 21 2016,7,477,1,1,Broken Item received
12 21 2016,10,480,1,3,Unable to pay cash on delivery (COD)
12 22 2016,1,385,1,1,Broken Item received
12 23 2016,4,215,1,3,Unable to pay cash on delivery (COD)
12 23 2016,4,477,1,3,Unable to pay cash on delivery (COD)
12 23 2016,4,488,1,2,Product Quality not up to mark
12 23 2016,7,215,1,2,Product Quality not up to mark
12 23 2016,9,484,1,1,Broken Item received
12 24 2016,1,480,1,1,Broken Item received
12 24 2016,1,537,1,1,Broken Item received
12 24 2016,1,539,1,2,Product Quality not up to mark
12 24 2016,4,481,1,3,Unable to pay cash on delivery (COD)
12 24 2016,6,462,1,3,Unable to pay cash on delivery (COD)
12 24 2016,6,477,1,1,Broken Item received
12 24 2016,9,529,1,2,Product Quality not up to mark
12 24 2016,9,530,1,1,Broken Item received
12 25 2016,1,214,1,3,Unable to pay cash on delivery (COD)
12 25 2016,1,220,1,1,Broken Item received
12 25 2016,4,476,1,2,Product Quality not up to mark
12 25 2016,4,588,1,1,Broken Item received
12 25 2016,7,215,1,3,Unable to pay cash on delivery (COD)
12 25 2016,8,223,1,3,Unable to pay cash on delivery (COD)
12 25 2016,9,229,1,1,Broken Item received
12 25 2016,9,530,1,2,Product Quality not up to mark
12 25 2016,10,232,1,3,Unable to pay cash on delivery (COD)
12 26 2016,1,232,1,2,Product Quality not up to mark
12 26 2016,1,479,1,2,Product Quality not up to mark
12 26 2016,4,214,1,2,Product Quality not up to mark
12 26 2016,6,528,1,1,Broken Item received
12 26 2016,8,479,1,1,Broken Item received
12 26 2016,9,387,1,1,Broken Item received
12 26 2016,10,528,1,2,Product Quality not up to mark
12 27 2016,6,528,1,2,Product Quality not up to mark
12 27 2016,9,479,1,2,Product Quality not up to mark
12 27 2016,9,480,1,1,Broken Item received
12 28 2016,1,584,1,2,Product Quality not up to mark
12 28 2016,4,214,1,2,Product Quality not up to mark
12 28 2016,4,538,1,1,Broken Item received
12 28 2016,6,537,1,3,Unable to pay cash on delivery (COD)
12 28 2016,7,477,1,1,Broken Item received
12 28 2016,8,214,1,3,Unable to pay cash on delivery (COD)
12 28 2016,9,562,1,1,Broken Item received
12 28 2016,9,605,1,3,Unable to pay cash on delivery (COD)
12 29 2016,1,484,1,3,Unable to pay cash on delivery (COD)
12 29 2016,1,528,1,2,Product Quality not up to mark
12 30 2016,1,215,1,1,Broken Item received
12 30 2016,1,535,1,3,Unable to pay cash on delivery (COD)
12 30 2016,1,540,1,2,Product Quality not up to mark
12 30 2016,4,381,1,2,Product Quality not up to mark
12 30 2016,4,484,1,3,Unable to pay cash on delivery (COD)
12 30 2016,6,482,1,1,Broken Item received
12 30 2016,7,229,1,3,Unable to pay cash on delivery (COD)
12 31 2016,4,223,1,3,Unable to pay cash on delivery (COD)
12 31 2016,4,537,1,3,Unable to pay cash on delivery (COD)
12 31 2016,6,539,1,2,Product Quality not up to mark
12 31 2016,7,477,1,3,Unable to pay cash on delivery (COD)
12 31 2016,8,580,1,1,Broken Item received
12 31 2016,10,479,1,1,Broken Item received
01 1 2017,6,528,1,3,Unable to pay cash on delivery (COD)
01 1 2017,9,477,1,1,Broken Item received
01 1 2017,9,479,2,2,Product Quality not up to mark
01 1 2017,9,528,1,3,Unable to pay cash on delivery (COD)
01 1 2017,10,485,1,3,Unable to pay cash on delivery (COD)
01 2 2017,1,537,1,2,Product Quality not up to mark
01 2 2017,4,215,1,1,Broken Item received
01 2 2017,4,479,1,1,Broken Item received
01 2 2017,8,214,1,1,Broken Item received
01 2 2017,8,528,1,3,Unable to pay cash on delivery (COD)
01 2 2017,9,214,1,1,Broken Item received
01 2 2017,9,561,1,3,Unable to pay cash on delivery (COD)
01 3 2017,1,487,1,3,Unable to pay cash on delivery (COD)
01 3 2017,4,485,1,1,Broken Item received
01 3 2017,6,477,1,2,Product Quality not up to mark
01 3 2017,7,540,1,3,Unable to pay cash on delivery (COD)
01 3 2017,8,480,1,2,Product Quality not up to mark
01 3 2017,9,477,1,1,Broken Item received
01 4 2017,4,536,1,1,Broken Item received
01 4 2017,9,484,1,3,Unable to pay cash on delivery (COD)
01 5 2017,1,479,1,3,Unable to pay cash on delivery (COD)
01 5 2017,6,536,1,1,Broken Item received
01 5 2017,7,214,1,1,Broken Item received
01 5 2017,10,480,1,2,Product Quality not up to mark
01 6 2017,7,479,1,1,Broken Item received
01 6 2017,7,486,1,2,Product Quality not up to mark
01 6 2017,9,223,1,1,Broken Item received
01 6 2017,9,385,1,1,Broken Item received
01 7 2017,1,220,1,1,Broken Item received
01 7 2017,1,490,1,1,Broken Item received
01 7 2017,7,373,1,1,Broken Item received
01 8 2017,1,480,1,3,Unable to pay cash on delivery (COD)
01 8 2017,1,489,1,1,Broken Item received
01 8 2017,8,485,1,2,Product Quality not up to mark
01 8 2017,10,535,1,1,Broken Item received
01 9 2017,4,478,1,3,Unable to pay cash on delivery (COD)
01 9 2017,4,479,1,3,Unable to pay cash on delivery (COD)
01 9 2017,6,474,1,1,Broken Item received
01 9 2017,9,214,1,3,Unable to pay cash on delivery (COD)
01 10 2017,1,220,1,1,Broken Item received
01 10 2017,4,577,1,2,Product Quality not up to mark
01 10 2017,6,462,1,2,Product Quality not up to mark
01 10 2017,6,536,1,2,Product Quality not up to mark
01 10 2017,6,538,1,3,Unable to pay cash on delivery (COD)
01 10 2017,8,215,1,3,Unable to pay cash on delivery (COD)
01 10 2017,10,535,1,1,Broken Item received
01 11 2017,1,484,1,2,Product Quality not up to mark
01 11 2017,1,588,1,1,Broken Item received
01 11 2017,4,529,1,1,Broken Item received
01 11 2017,4,537,1,3,Unable to pay cash on delivery (COD)
01 11 2017,7,220,1,2,Product Quality not up to mark
01 11 2017,7,478,1,1,Broken Item received
01 11 2017,9,215,1,3,Unable to pay cash on delivery (COD)
01 11 2017,9,477,1,1,Broken Item received
01 11 2017,9,484,1,3,Unable to pay cash on delivery (COD)
01 11 2017,9,576,1,3,Unable to pay cash on delivery (COD)
01 11 2017,10,464,1,3,Unable to pay cash on delivery (COD)
01 12 2017,4,484,1,1,Broken Item received
01 12 2017,6,537,1,3,Unable to pay cash on delivery (COD)
01 12 2017,9,473,1,1,Broken Item received
01 12 2017,9,479,1,3,Unable to pay cash on delivery (COD)
01 13 2017,4,529,1,2,Product Quality not up to mark
01 13 2017,9,473,1,3,Unable to pay cash on delivery (COD)
01 14 2017,1,358,1,3,Unable to pay cash on delivery (COD)
01 14 2017,6,485,1,3,Unable to pay cash on delivery (COD)
01 14 2017,9,371,1,2,Product Quality not up to mark
01 14 2017,10,229,1,1,Broken Item received
01 14 2017,10,529,1,1,Broken Item received
01 15 2017,1,232,1,2,Product Quality not up to mark
01 15 2017,1,541,1,1,Broken Item received
01 15 2017,6,477,1,3,Unable to pay cash on delivery (COD)
01 15 2017,7,538,1,1,Broken Item received
01 15 2017,8,530,1,1,Broken Item received
01 15 2017,9,360,1,3,Unable to pay cash on delivery (COD)
01 15 2017,9,488,1,1,Broken Item received
01 15 2017,9,529,1,3,Unable to pay cash on delivery (COD)
01 15 2017,10,478,1,1,Broken Item received
01 16 2017,9,540,1,3,Unable to pay cash on delivery (COD)
01 16 2017,10,588,1,3,Unable to pay cash on delivery (COD)
01 17 2017,4,214,1,1,Broken Item received
01 17 2017,4,220,1,3,Unable to pay cash on delivery (COD)
01 17 2017,4,528,1,3,Unable to pay cash on delivery (COD)
01 17 2017,6,477,1,1,Broken Item received
01 17 2017,6,529,1,2,Product Quality not up to mark
01 17 2017,8,484,1,2,Product Quality not up to mark
01 17 2017,9,477,1,2,Product Quality not up to mark
01 17 2017,9,485,1,2,Product Quality not up to mark
01 18 2017,1,528,1,3,Unable to pay cash on delivery (COD)
01 18 2017,4,487,1,2,Product Quality not up to mark
01 18 2017,4,528,1,3,Unable to pay cash on delivery (COD)
01 18 2017,6,481,2,2,Product Quality not up to mark
01 18 2017,8,220,1,3,Unable to pay cash on delivery (COD)
01 18 2017,9,471,1,1,Broken Item received
01 18 2017,9,474,1,3,Unable to pay cash on delivery (COD)
01 18 2017,9,477,1,1,Broken Item received
01 18 2017,10,529,1,2,Product Quality not up to mark
01 19 2017,1,478,1,3,Unable to pay cash on delivery (COD)
01 19 2017,9,214,1,2,Product Quality not up to mark
01 19 2017,9,541,1,1,Broken Item received
01 19 2017,10,475,1,2,Product Quality not up to mark
01 19 2017,10,539,1,3,Unable to pay cash on delivery (COD)
01 20 2017,7,229,1,3,Unable to pay cash on delivery (COD)
01 20 2017,8,484,1,2,Product Quality not up to mark
01 20 2017,8,538,1,3,Unable to pay cash on delivery (COD)
01 20 2017,9,485,1,1,Broken Item received
01 20 2017,10,215,1,2,Product Quality not up to mark
01 20 2017,10,573,1,1,Broken Item received
01 21 2017,4,477,1,3,Unable to pay cash on delivery (COD)
01 21 2017,7,214,1,1,Broken Item received
01 21 2017,8,529,1,2,Product Quality not up to mark
01 21 2017,9,489,1,3,Unable to pay cash on delivery (COD)
01 21 2017,10,479,1,2,Product Quality not up to mark
01 22 2017,4,529,1,1,Broken Item received
01 22 2017,6,535,1,2,Product Quality not up to mark
01 22 2017,6,540,1,2,Product Quality not up to mark
01 22 2017,8,529,1,1,Broken Item received
01 22 2017,9,215,1,3,Unable to pay cash on delivery (COD)
01 22 2017,9,477,1,2,Product Quality not up to mark
01 22 2017,10,215,1,1,Broken Item received
01 23 2017,6,223,1,1,Broken Item received
01 23 2017,7,530,1,3,Unable to pay cash on delivery (COD)
01 24 2017,6,214,1,2,Product Quality not up to mark
01 24 2017,9,477,2,1,Broken Item received
01 25 2017,1,529,1,2,Product Quality not up to mark
01 25 2017,6,479,1,1,Broken Item received
01 26 2017,4,480,1,1,Broken Item received
01 26 2017,4,530,1,1,Broken Item received
01 26 2017,6,226,1,1,Broken Item received
01 26 2017,6,477,1,2,Product Quality not up to mark
01 26 2017,6,537,1,3,Unable to pay cash on delivery (COD)
01 26 2017,7,537,1,3,Unable to pay cash on delivery (COD)
01 27 2017,1,472,1,2,Product Quality not up to mark
01 27 2017,1,528,1,3,Unable to pay cash on delivery (COD)
01 27 2017,6,485,1,1,Broken Item received
01 28 2017,1,537,1,1,Broken Item received
01 28 2017,4,485,1,1,Broken Item received
01 28 2017,6,536,1,2,Product Quality not up to mark
01 28 2017,8,477,1,3,Unable to pay cash on delivery (COD)
01 28 2017,9,358,1,1,Broken Item received
01 28 2017,9,371,1,2,Product Quality not up to mark
01 28 2017,9,487,1,3,Unable to pay cash on delivery (COD)
01 28 2017,10,481,1,2,Product Quality not up to mark
01 28 2017,10,530,1,2,Product Quality not up to mark
01 29 2017,4,606,1,2,Product Quality not up to mark
01 29 2017,6,528,1,1,Broken Item received
01 29 2017,6,537,1,3,Unable to pay cash on delivery (COD)
01 29 2017,7,536,1,1,Broken Item received
01 29 2017,9,466,1,3,Unable to pay cash on delivery (COD)
01 29 2017,10,530,1,1,Broken Item received
01 30 2017,4,528,1,2,Product Quality not up to mark
01 30 2017,9,462,1,2,Product Quality not up to mark
01 31 2017,4,477,1,2,Product Quality not up to mark
01 31 2017,6,537,1,3,Unable to pay cash on delivery (COD)
01 31 2017,8,479,1,1,Broken Item received
01 31 2017,8,535,1,1,Broken Item received
02 1 2017,1,477,1,1,Broken Item received
02 1 2017,1,480,1,3,Unable to pay cash on delivery (COD)
02 1 2017,1,600,1,1,Broken Item received
02 1 2017,4,477,1,1,Broken Item received
02 1 2017,4,485,1,2,Product Quality not up to mark
02 1 2017,7,223,1,3,Unable to pay cash on delivery (COD)
02 1 2017,9,528,1,1,Broken Item received
02 2 2017,7,477,1,1,Broken Item received
02 2 2017,8,232,1,2,Product Quality not up to mark
02 2 2017,10,529,1,2,Product Quality not up to mark
02 2 2017,10,538,1,1,Broken Item received
02 3 2017,10,480,1,1,Broken Item received
02 4 2017,4,529,1,1,Broken Item received
02 4 2017,8,480,2,2,Product Quality not up to mark
02 4 2017,9,560,1,1,Broken Item received
02 5 2017,4,477,1,3,Unable to pay cash on delivery (COD)
02 5 2017,4,541,1,2,Product Quality not up to mark
02 5 2017,6,214,1,1,Broken Item received
02 5 2017,6,478,1,3,Unable to pay cash on delivery (COD)
02 5 2017,6,481,1,3,Unable to pay cash on delivery (COD)
02 5 2017,6,535,1,2,Product Quality not up to mark
02 5 2017,9,478,1,1,Broken Item received
02 5 2017,9,604,1,2,Product Quality not up to mark
02 6 2017,1,223,1,3,Unable to pay cash on delivery (COD)
02 6 2017,1,485,1,3,Unable to pay cash on delivery (COD)
02 6 2017,4,479,1,2,Product Quality not up to mark
02 6 2017,4,528,1,1,Broken Item received
02 6 2017,4,530,1,2,Product Quality not up to mark
02 6 2017,4,539,1,1,Broken Item received
02 6 2017,8,535,1,3,Unable to pay cash on delivery (COD)
02 6 2017,10,487,1,1,Broken Item received
02 6 2017,10,600,1,2,Product Quality not up to mark
02 7 2017,1,582,1,2,Product Quality not up to mark
02 7 2017,4,476,1,2,Product Quality not up to mark
02 7 2017,4,487,1,1,Broken Item received
02 7 2017,8,539,1,3,Unable to pay cash on delivery (COD)
02 7 2017,8,562,1,3,Unable to pay cash on delivery (COD)
02 7 2017,9,472,1,2,Product Quality not up to mark
02 7 2017,9,528,1,3,Unable to pay cash on delivery (COD)
02 7 2017,10,478,1,3,Unable to pay cash on delivery (COD)
02 7 2017,10,539,1,3,Unable to pay cash on delivery (COD)
02 8 2017,4,215,1,3,Unable to pay cash on delivery (COD)
02 8 2017,4,478,1,3,Unable to pay cash on delivery (COD)
02 8 2017,6,478,1,3,Unable to pay cash on delivery (COD)
02 8 2017,7,215,1,3,Unable to pay cash on delivery (COD)
02 8 2017,9,477,1,3,Unable to pay cash on delivery (COD)
02 9 2017,7,377,1,2,Product Quality not up to mark
02 9 2017,7,477,1,3,Unable to pay cash on delivery (COD)
02 9 2017,8,226,1,3,Unable to pay cash on delivery (COD)
02 10 2017,1,223,1,1,Broken Item received
02 10 2017,7,481,1,2,Product Quality not up to mark
02 11 2017,1,476,1,2,Product Quality not up to mark
02 11 2017,6,477,1,2,Product Quality not up to mark
02 11 2017,6,478,2,1,Broken Item received
02 11 2017,6,529,1,1,Broken Item received
02 11 2017,7,356,1,3,Unable to pay cash on delivery (COD)
02 11 2017,10,539,1,2,Product Quality not up to mark
02 12 2017,1,477,1,3,Unable to pay cash on delivery (COD)
02 12 2017,4,477,1,3,Unable to pay cash on delivery (COD)
02 12 2017,4,480,1,1,Broken Item received
02 12 2017,6,485,1,2,Product Quality not up to mark
02 12 2017,7,529,1,3,Unable to pay cash on delivery (COD)
02 12 2017,9,480,1,3,Unable to pay cash on delivery (COD)
02 12 2017,9,485,1,1,Broken Item received
02 12 2017,10,479,1,1,Broken Item received
02 13 2017,7,529,1,1,Broken Item received
02 13 2017,9,214,1,3,Unable to pay cash on delivery (COD)
02 13 2017,9,528,1,3,Unable to pay cash on delivery (COD)
02 14 2017,1,229,1,2,Product Quality not up to mark
02 14 2017,4,530,1,2,Product Quality not up to mark
02 14 2017,6,535,1,2,Product Quality not up to mark
02 14 2017,7,362,1,3,Unable to pay cash on delivery (COD)
02 14 2017,9,477,1,1,Broken Item received
02 14 2017,10,480,1,3,Unable to pay cash on delivery (COD)
02 15 2017,4,223,1,3,Unable to pay cash on delivery (COD)
02 15 2017,4,536,1,1,Broken Item received
02 15 2017,4,541,1,2,Product Quality not up to mark
02 15 2017,6,477,1,3,Unable to pay cash on delivery (COD)
02 15 2017,9,606,1,1,Broken Item received
02 16 2017,8,538,1,1,Broken Item received
02 17 2017,1,214,1,2,Product Quality not up to mark
02 17 2017,1,530,1,1,Broken Item received
02 17 2017,1,536,1,2,Product Quality not up to mark
02 17 2017,4,214,1,2,Product Quality not up to mark
02 17 2017,4,605,2,3,Unable to pay cash on delivery (COD)
02 17 2017,6,485,1,3,Unable to pay cash on delivery (COD)
02 17 2017,6,490,1,2,Product Quality not up to mark
02 17 2017,9,385,1,2,Product Quality not up to mark
02 17 2017,9,477,1,1,Broken Item received
02 18 2017,4,220,1,1,Broken Item received
02 18 2017,6,530,1,2,Product Quality not up to mark
02 19 2017,4,528,1,3,Unable to pay cash on delivery (COD)
02 19 2017,4,529,1,1,Broken Item received
02 19 2017,4,537,1,2,Product Quality not up to mark
02 19 2017,7,354,1,1,Broken Item received
02 19 2017,9,583,1,2,Product Quality not up to mark
02 20 2017,1,214,1,1,Broken Item received
02 20 2017,1,371,1,1,Broken Item received
02 20 2017,4,573,1,3,Unable to pay cash on delivery (COD)
02 20 2017,7,528,1,2,Product Quality not up to mark
02 20 2017,8,229,1,1,Broken Item received
02 20 2017,9,477,1,3,Unable to pay cash on delivery (COD)
02 20 2017,9,530,1,2,Product Quality not up to mark
02 20 2017,10,485,1,3,Unable to pay cash on delivery (COD)
02 21 2017,6,477,1,3,Unable to pay cash on delivery (COD)
02 21 2017,9,477,1,2,Product Quality not up to mark
02 21 2017,9,580,1,1,Broken Item received
02 22 2017,4,223,1,1,Broken Item received
02 22 2017,4,232,1,1,Broken Item received
02 22 2017,8,485,1,1,Broken Item received
02 22 2017,9,479,1,2,Product Quality not up to mark
02 22 2017,9,484,1,3,Unable to pay cash on delivery (COD)
02 23 2017,4,226,1,3,Unable to pay cash on delivery (COD)
02 23 2017,4,462,1,2,Product Quality not up to mark
02 23 2017,4,475,1,1,Broken Item received
02 23 2017,9,539,1,2,Product Quality not up to mark
02 23 2017,10,475,1,1,Broken Item received
02 23 2017,10,477,1,2,Product Quality not up to mark
02 24 2017,1,530,1,1,Broken Item received
02 24 2017,4,220,1,2,Product Quality not up to mark
02 24 2017,6,475,1,2,Product Quality not up to mark
02 24 2017,7,540,1,1,Broken Item received
02 24 2017,8,478,1,3,Unable to pay cash on delivery (COD)
02 24 2017,8,484,1,1,Broken Item received
02 24 2017,8,588,1,1,Broken Item received
02 24 2017,8,599,1,2,Product Quality not up to mark
02 24 2017,9,477,2,2,Product Quality not up to mark
02 24 2017,9,562,1,1,Broken Item received
02 25 2017,1,466,1,2,Product Quality not up to mark
02 25 2017,1,477,1,2,Product Quality not up to mark
02 25 2017,1,480,1,3,Unable to pay cash on delivery (COD)
02 26 2017,1,537,1,3,Unable to pay cash on delivery (COD)
02 26 2017,5,540,1,2,Product Quality not up to mark
02 26 2017,6,477,1,1,Broken Item received
02 26 2017,7,480,1,1,Broken Item received
02 27 2017,1,235,1,3,Unable to pay cash on delivery (COD)
02 27 2017,1,528,1,3,Unable to pay cash on delivery (COD)
02 27 2017,1,538,1,2,Product Quality not up to mark
02 27 2017,4,529,1,1,Broken Item received
02 27 2017,6,477,1,3,Unable to pay cash on delivery (COD)
02 27 2017,6,528,1,1,Broken Item received
02 27 2017,6,583,1,1,Broken Item received
02 27 2017,9,226,1,1,Broken Item received
02 27 2017,9,478,1,1,Broken Item received
02 28 2017,4,478,1,1,Broken Item received
02 28 2017,6,478,1,1,Broken Item received
02 28 2017,7,536,1,3,Unable to pay cash on delivery (COD)
02 28 2017,9,479,1,3,Unable to pay cash on delivery (COD)
02 28 2017,9,482,1,1,Broken Item received
02 28 2017,9,539,1,3,Unable to pay cash on delivery (COD)
03 1 2017,4,477,2,1,Broken Item received
03 1 2017,4,535,1,2,Product Quality not up to mark
03 1 2017,4,595,1,2,Product Quality not up to mark
03 1 2017,8,215,1,2,Product Quality not up to mark
03 1 2017,8,529,1,3,Unable to pay cash on delivery (COD)
03 1 2017,9,220,1,3,Unable to pay cash on delivery (COD)
03 1 2017,1,480,1,2,Product Quality not up to mark
03 1 2017,6,530,1,1,Broken Item received
03 1 2017,8,582,1,2,Product Quality not up to mark
03 1 2017,10,485,1,1,Broken Item received
03 2 2017,1,485,1,3,Unable to pay cash on delivery (COD)
03 2 2017,4,528,1,3,Unable to pay cash on delivery (COD)
03 2 2017,6,530,1,1,Broken Item received
03 2 2017,9,474,1,3,Unable to pay cash on delivery (COD)
03 3 2017,1,215,1,2,Product Quality not up to mark
03 3 2017,1,540,1,2,Product Quality not up to mark
03 3 2017,4,528,1,2,Product Quality not up to mark
03 3 2017,6,462,1,3,Unable to pay cash on delivery (COD)
03 3 2017,7,375,1,2,Product Quality not up to mark
03 3 2017,10,223,1,1,Broken Item received
03 4 2017,4,479,1,1,Broken Item received
03 4 2017,6,232,1,1,Broken Item received
03 4 2017,6,528,1,1,Broken Item received
03 4 2017,9,528,1,3,Unable to pay cash on delivery (COD)
03 4 2017,10,487,1,3,Unable to pay cash on delivery (COD)
03 5 2017,4,354,1,1,Broken Item received
03 5 2017,4,477,1,2,Product Quality not up to mark
03 5 2017,6,580,1,1,Broken Item received
03 5 2017,9,223,1,2,Product Quality not up to mark
03 6 2017,6,220,1,1,Broken Item received
03 6 2017,7,536,1,2,Product Quality not up to mark
03 7 2017,1,223,1,1,Broken Item received
03 7 2017,4,491,1,3,Unable to pay cash on delivery (COD)
03 7 2017,4,535,1,2,Product Quality not up to mark
03 7 2017,4,575,1,2,Product Quality not up to mark
03 7 2017,6,476,1,3,Unable to pay cash on delivery (COD)
03 7 2017,9,214,1,2,Product Quality not up to mark
03 8 2017,1,490,1,2,Product Quality not up to mark
03 8 2017,4,538,1,3,Unable to pay cash on delivery (COD)
03 8 2017,8,215,1,1,Broken Item received
03 8 2017,9,354,1,3,Unable to pay cash on delivery (COD)
03 8 2017,9,605,1,1,Broken Item received
03 8 2017,10,606,1,3,Unable to pay cash on delivery (COD)
03 9 2017,1,352,1,1,Broken Item received
03 9 2017,6,472,1,3,Unable to pay cash on delivery (COD)
03 9 2017,7,214,1,1,Broken Item received
03 9 2017,7,528,1,1,Broken Item received
03 9 2017,7,537,1,2,Product Quality not up to mark
03 9 2017,9,536,1,2,Product Quality not up to mark
03 10 2017,6,478,1,3,Unable to pay cash on delivery (COD)
03 10 2017,10,528,1,1,Broken Item received
03 11 2017,4,478,1,2,Product Quality not up to mark
03 11 2017,4,485,1,2,Product Quality not up to mark
03 11 2017,6,214,1,3,Unable to pay cash on delivery (COD)
03 11 2017,7,541,1,1,Broken Item received
03 12 2017,1,477,1,1,Broken Item received
03 12 2017,4,232,1,2,Product Quality not up to mark
03 12 2017,4,577,1,3,Unable to pay cash on delivery (COD)
03 12 2017,8,479,1,3,Unable to pay cash on delivery (COD)
03 12 2017,10,360,1,3,Unable to pay cash on delivery (COD)
03 13 2017,4,482,1,1,Broken Item received
03 13 2017,7,541,1,2,Product Quality not up to mark
03 13 2017,8,480,2,2,Product Quality not up to mark
03 13 2017,9,352,1,2,Product Quality not up to mark
03 13 2017,9,358,1,3,Unable to pay cash on delivery (COD)
03 14 2017,4,232,1,3,Unable to pay cash on delivery (COD)
03 14 2017,4,477,1,3,Unable to pay cash on delivery (COD)
03 14 2017,6,529,1,2,Product Quality not up to mark
03 14 2017,9,530,1,3,Unable to pay cash on delivery (COD)
03 14 2017,9,606,1,3,Unable to pay cash on delivery (COD)
03 15 2017,6,215,1,3,Unable to pay cash on delivery (COD)
03 15 2017,6,480,1,2,Product Quality not up to mark
03 16 2017,1,471,1,2,Product Quality not up to mark
03 16 2017,4,538,1,3,Unable to pay cash on delivery (COD)
03 16 2017,4,571,1,1,Broken Item received
03 16 2017,4,587,1,1,Broken Item received
03 16 2017,9,489,1,3,Unable to pay cash on delivery (COD)
03 16 2017,9,537,1,1,Broken Item received
03 17 2017,4,480,1,3,Unable to pay cash on delivery (COD)
03 17 2017,4,535,1,2,Product Quality not up to mark
03 17 2017,6,214,1,3,Unable to pay cash on delivery (COD)
03 17 2017,9,541,1,2,Product Quality not up to mark
03 18 2017,1,356,1,3,Unable to pay cash on delivery (COD)
03 18 2017,4,529,1,2,Product Quality not up to mark
03 18 2017,6,464,1,3,Unable to pay cash on delivery (COD)
03 18 2017,7,473,1,2,Product Quality not up to mark
03 18 2017,7,477,1,3,Unable to pay cash on delivery (COD)
03 18 2017,7,538,1,3,Unable to pay cash on delivery (COD)
03 18 2017,9,538,1,3,Unable to pay cash on delivery (COD)
03 18 2017,10,479,1,1,Broken Item received
03 19 2017,1,528,1,1,Broken Item received
03 19 2017,4,477,1,2,Product Quality not up to mark
03 19 2017,4,478,1,1,Broken Item received
03 19 2017,9,475,1,2,Product Quality not up to mark
03 20 2017,1,480,1,3,Unable to pay cash on delivery (COD)
03 20 2017,4,490,1,2,Product Quality not up to mark
03 20 2017,4,605,1,2,Product Quality not up to mark
03 20 2017,7,360,1,2,Product Quality not up to mark
03 20 2017,9,466,1,2,Product Quality not up to mark
03 20 2017,10,538,1,2,Product Quality not up to mark
03 21 2017,1,540,1,1,Broken Item received
03 21 2017,1,604,1,1,Broken Item received
03 21 2017,6,538,1,1,Broken Item received
03 21 2017,7,528,1,3,Unable to pay cash on delivery (COD)
03 21 2017,9,220,1,2,Product Quality not up to mark
03 21 2017,9,573,1,1,Broken Item received
03 21 2017,10,581,1,1,Broken Item received
03 22 2017,1,478,1,1,Broken Item received
03 22 2017,6,538,1,3,Unable to pay cash on delivery (COD)
03 22 2017,9,220,1,3,Unable to pay cash on delivery (COD)
03 22 2017,9,480,1,2,Product Quality not up to mark
03 22 2017,10,485,1,3,Unable to pay cash on delivery (COD)
03 23 2017,4,477,1,3,Unable to pay cash on delivery (COD)
03 23 2017,6,487,1,2,Product Quality not up to mark
03 23 2017,8,536,1,1,Broken Item received
03 24 2017,9,477,1,1,Broken Item received
03 25 2017,4,530,1,3,Unable to pay cash on delivery (COD)
03 25 2017,6,214,1,1,Broken Item received
03 25 2017,6,530,1,2,Product Quality not up to mark
03 25 2017,9,477,1,3,Unable to pay cash on delivery (COD)
03 25 2017,9,538,1,2,Product Quality not up to mark
03 26 2017,1,220,1,1,Broken Item received
03 26 2017,4,483,1,3,Unable to pay cash on delivery (COD)
03 26 2017,7,223,1,1,Broken Item received
03 26 2017,8,485,1,1,Broken Item received
03 27 2017,4,479,1,3,Unable to pay cash on delivery (COD)
03 27 2017,6,223,1,3,Unable to pay cash on delivery (COD)
03 27 2017,6,477,1,3,Unable to pay cash on delivery (COD)
03 27 2017,7,472,1,1,Broken Item received
03 27 2017,7,477,1,3,Unable to pay cash on delivery (COD)
03 27 2017,7,537,1,3,Unable to pay cash on delivery (COD)
03 27 2017,10,214,1,2,Product Quality not up to mark
03 28 2017,1,215,1,2,Product Quality not up to mark
03 28 2017,4,214,1,2,Product Quality not up to mark
03 28 2017,4,537,1,3,Unable to pay cash on delivery (COD)
03 28 2017,7,362,1,2,Product Quality not up to mark
03 28 2017,9,223,1,3,Unable to pay cash on delivery (COD)
03 28 2017,9,473,1,1,Broken Item received
03 28 2017,9,476,1,2,Product Quality not up to mark
03 28 2017,10,223,1,2,Product Quality not up to mark
03 29 2017,1,220,1,1,Broken Item received
03 29 2017,1,475,1,2,Product Quality not up to mark
03 29 2017,1,528,1,2,Product Quality not up to mark
03 29 2017,4,475,1,2,Product Quality not up to mark
03 29 2017,6,480,1,3,Unable to pay cash on delivery (COD)
03 29 2017,7,220,1,2,Product Quality not up to mark
03 29 2017,10,214,1,1,Broken Item received
03 29 2017,10,596,1,1,Broken Item received
03 30 2017,1,479,1,2,Product Quality not up to mark
03 30 2017,1,566,1,1,Broken Item received
03 30 2017,6,485,1,2,Product Quality not up to mark
03 30 2017,6,537,1,3,Unable to pay cash on delivery (COD)
03 30 2017,7,529,1,3,Unable to pay cash on delivery (COD)
03 31 2017,1,387,1,3,Unable to pay cash on delivery (COD)
03 31 2017,4,482,1,1,Broken Item received
03 31 2017,4,528,1,3,Unable to pay cash on delivery (COD)
03 31 2017,6,480,1,3,Unable to pay cash on delivery (COD)
03 31 2017,7,482,1,2,Product Quality not up to mark
04 1 2017,4,215,1,3,Unable to pay cash on delivery (COD)
04 1 2017,4,354,1,1,Broken Item received
04 1 2017,4,580,1,1,Broken Item received
04 1 2017,6,229,1,3,Unable to pay cash on delivery (COD)
04 1 2017,6,528,1,3,Unable to pay cash on delivery (COD)
04 1 2017,8,383,1,1,Broken Item received
04 2 2017,8,220,1,1,Broken Item received
04 2 2017,10,480,1,1,Broken Item received
04 3 2017,4,477,1,3,Unable to pay cash on delivery (COD)
04 3 2017,4,491,1,1,Broken Item received
04 3 2017,6,486,1,2,Product Quality not up to mark
04 3 2017,9,235,1,3,Unable to pay cash on delivery (COD)
04 3 2017,9,536,1,2,Product Quality not up to mark
04 3 2017,9,564,1,3,Unable to pay cash on delivery (COD)
04 3 2017,10,480,1,1,Broken Item received
04 3 2017,10,535,1,1,Broken Item received
04 4 2017,4,480,1,2,Product Quality not up to mark
04 4 2017,4,538,1,3,Unable to pay cash on delivery (COD)
04 4 2017,7,561,1,1,Broken Item received
04 4 2017,8,360,1,1,Broken Item received
04 4 2017,8,477,1,2,Product Quality not up to mark
04 4 2017,9,477,1,2,Product Quality not up to mark
04 5 2017,6,480,1,2,Product Quality not up to mark
04 5 2017,7,539,1,2,Product Quality not up to mark
04 5 2017,8,539,1,1,Broken Item received
04 6 2017,1,220,1,2,Product Quality not up to mark
04 6 2017,1,356,1,2,Product Quality not up to mark
04 6 2017,1,477,1,2,Product Quality not up to mark
04 6 2017,4,214,1,2,Product Quality not up to mark
04 6 2017,4,223,2,2,Product Quality not up to mark
04 6 2017,4,574,1,1,Broken Item received
04 6 2017,8,605,1,1,Broken Item received
04 7 2017,8,214,1,1,Broken Item received
04 7 2017,8,480,1,3,Unable to pay cash on delivery (COD)
04 7 2017,10,528,1,2,Product Quality not up to mark
04 7 2017,10,530,1,1,Broken Item received
04 7 2017,10,577,1,2,Product Quality not up to mark
04 8 2017,4,476,1,3,Unable to pay cash on delivery (COD)
04 8 2017,4,540,1,2,Product Quality not up to mark
04 8 2017,7,215,1,3,Unable to pay cash on delivery (COD)
04 8 2017,9,488,1,2,Product Quality not up to mark
04 8 2017,10,215,1,2,Product Quality not up to mark
04 9 2017,7,220,1,3,Unable to pay cash on delivery (COD)
04 9 2017,9,539,1,1,Broken Item received
04 10 2017,4,528,1,3,Unable to pay cash on delivery (COD)
04 10 2017,6,220,1,1,Broken Item received
04 10 2017,8,471,1,3,Unable to pay cash on delivery (COD)
04 10 2017,8,560,1,1,Broken Item received
04 10 2017,9,484,1,3,Unable to pay cash on delivery (COD)
04 10 2017,10,383,1,3,Unable to pay cash on delivery (COD)
04 10 2017,10,566,1,1,Broken Item received
04 11 2017,1,537,1,2,Product Quality not up to mark
04 11 2017,4,536,1,2,Product Quality not up to mark
04 11 2017,4,588,1,1,Broken Item received
04 11 2017,7,479,1,1,Broken Item received
04 11 2017,7,480,1,3,Unable to pay cash on delivery (COD)
04 11 2017,9,375,1,2,Product Quality not up to mark
04 11 2017,9,484,1,2,Product Quality not up to mark
04 11 2017,9,563,1,3,Unable to pay cash on delivery (COD)
04 12 2017,4,530,1,3,Unable to pay cash on delivery (COD)
04 12 2017,6,576,1,2,Product Quality not up to mark
04 12 2017,7,575,1,3,Unable to pay cash on delivery (COD)
04 12 2017,9,477,1,1,Broken Item received
04 12 2017,10,478,1,3,Unable to pay cash on delivery (COD)
04 12 2017,10,606,1,2,Product Quality not up to mark
04 13 2017,1,477,1,2,Product Quality not up to mark
04 13 2017,4,478,2,2,Product Quality not up to mark
04 13 2017,9,483,1,3,Unable to pay cash on delivery (COD)
04 14 2017,4,590,1,3,Unable to pay cash on delivery (COD)
04 14 2017,6,480,1,1,Broken Item received
04 14 2017,10,215,1,1,Broken Item received
04 14 2017,10,529,1,1,Broken Item received
04 14 2017,10,590,1,2,Product Quality not up to mark
04 15 2017,1,490,1,2,Product Quality not up to mark
04 15 2017,7,477,1,3,Unable to pay cash on delivery (COD)
04 15 2017,7,488,1,2,Product Quality not up to mark
04 15 2017,7,489,1,3,Unable to pay cash on delivery (COD)
04 15 2017,9,480,1,3,Unable to pay cash on delivery (COD)
04 16 2017,4,479,1,1,Broken Item received
04 16 2017,4,537,1,2,Product Quality not up to mark
04 16 2017,4,581,1,2,Product Quality not up to mark
04 16 2017,8,529,1,1,Broken Item received
04 17 2017,1,539,1,1,Broken Item received
04 17 2017,8,472,1,2,Product Quality not up to mark
04 17 2017,8,605,1,1,Broken Item received
04 17 2017,9,565,1,2,Product Quality not up to mark
04 17 2017,9,567,1,2,Product Quality not up to mark
04 18 2017,1,383,1,2,Product Quality not up to mark
04 18 2017,4,561,1,3,Unable to pay cash on delivery (COD)
04 18 2017,7,464,1,2,Product Quality not up to mark
04 18 2017,9,479,1,2,Product Quality not up to mark
04 18 2017,10,479,1,1,Broken Item received
04 18 2017,10,577,1,2,Product Quality not up to mark
04 19 2017,4,214,1,1,Broken Item received
04 19 2017,4,478,1,2,Product Quality not up to mark
04 19 2017,6,528,1,3,Unable to pay cash on delivery (COD)
04 19 2017,7,486,1,3,Unable to pay cash on delivery (COD)
04 19 2017,7,530,1,3,Unable to pay cash on delivery (COD)
04 19 2017,10,487,1,1,Broken Item received
04 20 2017,8,583,1,2,Product Quality not up to mark
04 20 2017,10,482,1,3,Unable to pay cash on delivery (COD)
04 21 2017,4,235,1,3,Unable to pay cash on delivery (COD)
04 21 2017,4,477,1,1,Broken Item received
04 21 2017,9,383,1,3,Unable to pay cash on delivery (COD)
04 22 2017,4,528,1,3,Unable to pay cash on delivery (COD)
04 22 2017,7,541,1,1,Broken Item received
04 22 2017,8,530,1,1,Broken Item received
04 22 2017,8,584,1,3,Unable to pay cash on delivery (COD)
04 23 2017,1,484,1,2,Product Quality not up to mark
04 23 2017,4,215,1,1,Broken Item received
04 23 2017,4,226,1,1,Broken Item received
04 23 2017,4,480,1,2,Product Quality not up to mark
04 23 2017,6,220,1,1,Broken Item received
04 23 2017,6,466,1,2,Product Quality not up to mark
04 23 2017,7,529,1,3,Unable to pay cash on delivery (COD)
04 23 2017,8,538,1,2,Product Quality not up to mark
04 23 2017,9,480,1,2,Product Quality not up to mark
04 24 2017,4,220,1,2,Product Quality not up to mark
04 24 2017,4,477,1,1,Broken Item received
04 24 2017,7,215,1,2,Product Quality not up to mark
04 24 2017,7,352,1,3,Unable to pay cash on delivery (COD)
04 24 2017,7,477,1,1,Broken Item received
04 24 2017,9,589,1,3,Unable to pay cash on delivery (COD)
04 25 2017,1,485,1,2,Product Quality not up to mark
04 25 2017,6,464,1,3,Unable to pay cash on delivery (COD)
04 25 2017,7,477,1,3,Unable to pay cash on delivery (COD)
04 25 2017,7,484,1,3,Unable to pay cash on delivery (COD)
04 25 2017,7,530,1,1,Broken Item received
04 25 2017,9,479,1,1,Broken Item received
04 25 2017,9,538,1,1,Broken Item received
04 25 2017,10,481,1,3,Unable to pay cash on delivery (COD)
04 26 2017,1,220,1,2,Product Quality not up to mark
04 26 2017,1,480,1,2,Product Quality not up to mark
04 26 2017,4,478,1,1,Broken Item received
04 26 2017,4,480,1,2,Product Quality not up to mark
04 26 2017,7,480,1,1,Broken Item received
04 26 2017,9,488,1,1,Broken Item received
04 27 2017,1,480,1,1,Broken Item received
04 27 2017,1,529,1,2,Product Quality not up to mark
04 27 2017,4,215,1,1,Broken Item received
04 27 2017,4,529,1,2,Product Quality not up to mark
04 27 2017,7,215,1,2,Product Quality not up to mark
04 27 2017,9,214,1,1,Broken Item received
04 27 2017,9,580,1,2,Product Quality not up to mark
04 28 2017,4,358,1,3,Unable to pay cash on delivery (COD)
04 28 2017,8,528,1,2,Product Quality not up to mark
04 28 2017,9,377,1,1,Broken Item received
04 28 2017,9,535,1,3,Unable to pay cash on delivery (COD)
04 28 2017,10,215,1,2,Product Quality not up to mark
04 28 2017,10,480,1,2,Product Quality not up to mark
04 28 2017,10,528,1,1,Broken Item received
04 29 2017,1,541,1,1,Broken Item received
04 29 2017,4,474,1,1,Broken Item received
04 29 2017,4,490,1,1,Broken Item received
04 29 2017,4,528,1,1,Broken Item received
04 29 2017,10,358,1,2,Product Quality not up to mark
04 30 2017,1,480,1,2,Product Quality not up to mark
04 30 2017,4,215,1,2,Product Quality not up to mark
04 30 2017,4,478,1,3,Unable to pay cash on delivery (COD)
04 30 2017,7,489,1,2,Product Quality not up to mark
04 30 2017,8,581,1,2,Product Quality not up to mark
04 30 2017,9,480,1,1,Broken Item received
05 1 2017,1,485,1,1,Broken Item received
05 1 2017,4,215,1,1,Broken Item received
05 1 2017,4,360,1,1,Broken Item received
05 1 2017,10,479,1,3,Unable to pay cash on delivery (COD)
05 2 2017,4,214,1,2,Product Quality not up to mark
05 2 2017,4,477,1,3,Unable to pay cash on delivery (COD)
05 2 2017,4,528,1,3,Unable to pay cash on delivery (COD)
05 2 2017,9,480,1,2,Product Quality not up to mark
05 3 2017,9,529,1,2,Product Quality not up to mark
05 4 2017,4,606,1,3,Unable to pay cash on delivery (COD)
05 4 2017,6,476,1,1,Broken Item received
05 4 2017,7,539,1,3,Unable to pay cash on delivery (COD)
05 4 2017,8,538,1,1,Broken Item received
05 4 2017,8,571,1,2,Product Quality not up to mark
05 5 2017,1,483,1,2,Product Quality not up to mark
05 5 2017,4,480,1,1,Broken Item received
05 5 2017,4,483,1,3,Unable to pay cash on delivery (COD)
05 5 2017,8,223,1,2,Product Quality not up to mark
05 5 2017,8,541,1,1,Broken Item received
05 5 2017,9,480,1,2,Product Quality not up to mark
05 5 2017,9,487,1,1,Broken Item received
05 6 2017,4,215,1,3,Unable to pay cash on delivery (COD)
05 6 2017,4,477,1,3,Unable to pay cash on delivery (COD)
05 6 2017,6,466,1,2,Product Quality not up to mark
05 6 2017,6,485,1,3,Unable to pay cash on delivery (COD)
05 6 2017,7,220,1,2,Product Quality not up to mark
05 6 2017,7,528,1,1,Broken Item received
05 6 2017,8,528,1,3,Unable to pay cash on delivery (COD)
05 6 2017,9,480,1,2,Product Quality not up to mark
05 7 2017,4,578,1,2,Product Quality not up to mark
05 7 2017,7,538,1,3,Unable to pay cash on delivery (COD)
05 7 2017,10,214,1,1,Broken Item received
05 8 2017,4,476,1,3,Unable to pay cash on delivery (COD)
05 8 2017,4,537,1,2,Product Quality not up to mark
05 8 2017,9,223,1,1,Broken Item received
05 8 2017,9,535,1,3,Unable to pay cash on delivery (COD)
05 9 2017,1,484,1,1,Broken Item received
05 9 2017,4,220,1,1,Broken Item received
05 9 2017,6,530,1,1,Broken Item received
05 9 2017,7,362,1,1,Broken Item received
05 9 2017,9,480,1,2,Product Quality not up to mark
05 9 2017,9,528,1,2,Product Quality not up to mark
05 9 2017,9,537,1,1,Broken Item received
05 10 2017,1,578,1,1,Broken Item received
05 10 2017,4,385,1,2,Product Quality not up to mark
05 10 2017,4,480,1,3,Unable to pay cash on delivery (COD)
05 10 2017,6,478,1,2,Product Quality not up to mark
05 10 2017,6,537,1,1,Broken Item received
05 10 2017,7,215,1,3,Unable to pay cash on delivery (COD)
05 11 2017,1,223,1,3,Unable to pay cash on delivery (COD)
05 11 2017,1,480,1,1,Broken Item received
05 11 2017,6,536,1,2,Product Quality not up to mark
05 11 2017,10,541,1,1,Broken Item received
05 12 2017,4,214,1,1,Broken Item received
05 12 2017,4,229,1,1,Broken Item received
05 12 2017,4,479,1,1,Broken Item received
05 12 2017,4,606,1,2,Product Quality not up to mark
05 12 2017,10,360,1,1,Broken Item received
05 12 2017,10,604,1,1,Broken Item received
05 13 2017,7,220,1,3,Unable to pay cash on delivery (COD)
05 14 2017,4,485,1,3,Unable to pay cash on delivery (COD)
05 14 2017,4,529,1,1,Broken Item received
05 14 2017,6,483,1,2,Product Quality not up to mark
05 14 2017,6,485,1,3,Unable to pay cash on delivery (COD)
05 14 2017,6,536,1,1,Broken Item received
05 14 2017,7,580,1,3,Unable to pay cash on delivery (COD)
05 14 2017,9,477,1,1,Broken Item received
05 15 2017,1,480,1,2,Product Quality not up to mark
05 15 2017,1,489,1,1,Broken Item received
05 15 2017,6,214,1,1,Broken Item received
05 15 2017,6,235,1,1,Broken Item received
05 15 2017,6,485,1,3,Unable to pay cash on delivery (COD)
05 15 2017,9,214,1,1,Broken Item received
05 16 2017,1,569,1,1,Broken Item received
05 16 2017,6,480,1,3,Unable to pay cash on delivery (COD)
05 16 2017,6,537,1,2,Product Quality not up to mark
05 16 2017,8,466,1,2,Product Quality not up to mark
05 16 2017,9,214,1,3,Unable to pay cash on delivery (COD)
05 16 2017,9,487,1,2,Product Quality not up to mark
05 16 2017,9,488,1,2,Product Quality not up to mark
05 17 2017,1,478,1,1,Broken Item received
05 17 2017,6,477,1,3,Unable to pay cash on delivery (COD)
05 17 2017,7,220,1,1,Broken Item received
05 17 2017,7,568,1,2,Product Quality not up to mark
05 17 2017,10,214,1,2,Product Quality not up to mark
05 18 2017,9,536,1,3,Unable to pay cash on delivery (COD)
05 19 2017,1,480,1,2,Product Quality not up to mark
05 19 2017,4,223,1,1,Broken Item received
05 19 2017,9,214,1,1,Broken Item received
05 19 2017,9,389,1,3,Unable to pay cash on delivery (COD)
05 20 2017,1,471,1,3,Unable to pay cash on delivery (COD)
05 20 2017,4,573,1,2,Product Quality not up to mark
05 20 2017,4,582,1,1,Broken Item received
05 20 2017,6,226,1,1,Broken Item received
05 20 2017,7,576,1,2,Product Quality not up to mark
05 21 2017,1,358,1,3,Unable to pay cash on delivery (COD)
05 21 2017,1,535,1,2,Product Quality not up to mark
05 21 2017,4,226,1,1,Broken Item received
05 21 2017,4,537,1,1,Broken Item received
05 21 2017,6,214,1,3,Unable to pay cash on delivery (COD)
05 21 2017,9,487,1,1,Broken Item received
05 22 2017,4,214,1,2,Product Quality not up to mark
05 22 2017,4,478,1,1,Broken Item received
05 22 2017,4,487,1,2,Product Quality not up to mark
05 22 2017,9,215,1,2,Product Quality not up to mark
05 23 2017,1,354,1,1,Broken Item received
05 23 2017,1,606,1,3,Unable to pay cash on delivery (COD)
05 23 2017,4,574,1,1,Broken Item received
05 23 2017,4,577,1,1,Broken Item received
05 23 2017,7,572,1,1,Broken Item received
05 24 2017,1,462,1,1,Broken Item received
05 24 2017,6,362,1,2,Product Quality not up to mark
05 24 2017,6,528,1,1,Broken Item received
05 24 2017,7,573,1,3,Unable to pay cash on delivery (COD)
05 24 2017,8,536,1,2,Product Quality not up to mark
05 24 2017,9,562,1,1,Broken Item received
05 24 2017,9,579,1,1,Broken Item received
05 25 2017,1,474,1,1,Broken Item received
05 25 2017,7,466,1,2,Product Quality not up to mark
05 25 2017,8,215,1,1,Broken Item received
05 25 2017,9,223,1,2,Product Quality not up to mark
05 25 2017,9,488,1,2,Product Quality not up to mark
05 25 2017,10,564,1,1,Broken Item received
05 26 2017,1,528,1,2,Product Quality not up to mark
05 26 2017,6,528,1,1,Broken Item received
05 26 2017,7,478,1,2,Product Quality not up to mark
05 26 2017,8,539,1,3,Unable to pay cash on delivery (COD)
05 26 2017,9,479,1,2,Product Quality not up to mark
05 26 2017,10,220,1,3,Unable to pay cash on delivery (COD)
05 26 2017,10,235,1,2,Product Quality not up to mark
05 26 2017,10,530,1,2,Product Quality not up to mark
05 27 2017,1,214,1,1,Broken Item received
05 27 2017,1,528,1,3,Unable to pay cash on delivery (COD)
05 27 2017,4,538,1,2,Product Quality not up to mark
05 27 2017,8,229,1,1,Broken Item received
05 28 2017,4,226,1,1,Broken Item received
05 28 2017,4,477,1,1,Broken Item received
05 28 2017,7,371,1,2,Product Quality not up to mark
05 28 2017,7,540,1,2,Product Quality not up to mark
05 28 2017,9,220,1,2,Product Quality not up to mark
05 28 2017,9,482,1,1,Broken Item received
05 28 2017,10,529,1,2,Product Quality not up to mark
05 29 2017,1,362,1,1,Broken Item received
05 29 2017,8,214,1,3,Unable to pay cash on delivery (COD)
05 29 2017,9,214,1,1,Broken Item received
05 29 2017,9,220,1,1,Broken Item received
05 29 2017,9,379,1,3,Unable to pay cash on delivery (COD)
05 29 2017,9,462,1,2,Product Quality not up to mark
05 29 2017,9,478,1,3,Unable to pay cash on delivery (COD)
05 29 2017,10,485,1,2,Product Quality not up to mark
05 30 2017,1,479,1,3,Unable to pay cash on delivery (COD)
05 30 2017,1,529,1,2,Product Quality not up to mark
05 30 2017,1,538,1,2,Product Quality not up to mark
05 30 2017,4,478,1,2,Product Quality not up to mark
05 30 2017,4,480,1,1,Broken Item received
05 30 2017,4,605,1,3,Unable to pay cash on delivery (COD)
05 30 2017,9,220,1,2,Product Quality not up to mark
05 30 2017,9,480,1,2,Product Quality not up to mark
05 30 2017,9,537,1,2,Product Quality not up to mark
05 30 2017,9,582,1,2,Product Quality not up to mark
05 30 2017,10,530,1,2,Product Quality not up to mark
05 31 2017,1,528,1,1,Broken Item received
05 31 2017,6,360,1,1,Broken Item received
05 31 2017,6,535,1,3,Unable to pay cash on delivery (COD)
05 31 2017,6,536,1,1,Broken Item received
05 31 2017,7,568,1,2,Product Quality not up to mark
05 31 2017,9,484,1,2,Product Quality not up to mark
05 31 2017,9,584,1,3,Unable to pay cash on delivery (COD)
05 31 2017,10,477,1,2,Product Quality not up to mark
06 1 2017,6,582,1,2,Product Quality not up to mark
06 1 2017,8,358,1,3,Unable to pay cash on delivery (COD)
06 1 2017,8,578,1,3,Unable to pay cash on delivery (COD)
06 2 2017,1,481,1,1,Broken Item received
06 2 2017,6,477,1,1,Broken Item received
06 3 2017,1,538,1,2,Product Quality not up to mark
06 3 2017,7,477,1,3,Unable to pay cash on delivery (COD)
06 3 2017,7,538,1,1,Broken Item received
06 3 2017,9,478,1,3,Unable to pay cash on delivery (COD)
06 3 2017,9,479,1,2,Product Quality not up to mark
06 3 2017,9,488,1,1,Broken Item received
06 3 2017,10,537,1,2,Product Quality not up to mark
06 4 2017,6,466,1,2,Product Quality not up to mark
06 5 2017,1,220,1,2,Product Quality not up to mark
06 5 2017,1,477,1,2,Product Quality not up to mark
06 5 2017,7,214,1,3,Unable to pay cash on delivery (COD)
06 6 2017,6,476,1,3,Unable to pay cash on delivery (COD)
06 6 2017,6,485,1,2,Product Quality not up to mark
06 6 2017,7,223,1,1,Broken Item received
06 6 2017,8,530,1,1,Broken Item received
06 6 2017,9,360,1,2,Product Quality not up to mark
06 6 2017,10,536,1,3,Unable to pay cash on delivery (COD)
06 7 2017,1,462,1,3,Unable to pay cash on delivery (COD)
06 7 2017,1,539,1,1,Broken Item received
06 7 2017,1,574,1,1,Broken Item received
06 7 2017,4,352,1,1,Broken Item received
06 7 2017,4,464,1,3,Unable to pay cash on delivery (COD)
06 7 2017,4,478,1,1,Broken Item received
06 7 2017,4,485,1,2,Product Quality not up to mark
06 7 2017,6,235,1,1,Broken Item received
06 7 2017,9,352,1,2,Product Quality not up to mark
06 7 2017,9,464,1,3,Unable to pay cash on delivery (COD)
06 7 2017,9,537,1,2,Product Quality not up to mark
06 7 2017,9,538,1,2,Product Quality not up to mark
06 8 2017,1,356,1,2,Product Quality not up to mark
06 8 2017,1,537,1,3,Unable to pay cash on delivery (COD)
06 8 2017,4,360,1,1,Broken Item received
06 8 2017,8,563,1,1,Broken Item received
06 8 2017,8,605,1,3,Unable to pay cash on delivery (COD)
06 8 2017,9,477,1,3,Unable to pay cash on delivery (COD)
06 8 2017,9,485,1,2,Product Quality not up to mark
06 9 2017,1,478,1,2,Product Quality not up to mark
06 9 2017,1,535,1,1,Broken Item received
06 9 2017,6,528,1,1,Broken Item received
06 9 2017,7,528,1,2,Product Quality not up to mark
06 9 2017,9,387,1,2,Product Quality not up to mark
06 9 2017,9,471,1,1,Broken Item received
06 10 2017,1,466,1,3,Unable to pay cash on delivery (COD)
06 10 2017,1,477,1,1,Broken Item received
06 10 2017,1,581,1,1,Broken Item received
06 10 2017,4,477,1,2,Product Quality not up to mark
06 11 2017,4,479,1,1,Broken Item received
06 11 2017,6,223,1,1,Broken Item received
06 11 2017,7,485,1,3,Unable to pay cash on delivery (COD)
06 11 2017,9,485,1,3,Unable to pay cash on delivery (COD)
06 11 2017,9,529,1,2,Product Quality not up to mark
06 11 2017,9,584,1,2,Product Quality not up to mark
06 12 2017,4,478,1,2,Product Quality not up to mark
06 12 2017,9,214,1,2,Product Quality not up to mark
06 12 2017,9,529,1,3,Unable to pay cash on delivery (COD)
06 12 2017,9,537,1,3,Unable to pay cash on delivery (COD)
06 12 2017,10,477,1,2,Product Quality not up to mark
06 13 2017,4,220,1,2,Product Quality not up to mark
06 13 2017,8,476,1,3,Unable to pay cash on delivery (COD)
06 13 2017,8,581,1,2,Product Quality not up to mark
06 13 2017,9,214,1,3,Unable to pay cash on delivery (COD)
06 13 2017,9,215,1,2,Product Quality not up to mark
06 14 2017,1,537,1,2,Product Quality not up to mark
06 14 2017,4,462,1,2,Product Quality not up to mark
06 14 2017,6,229,1,2,Product Quality not up to mark
06 14 2017,7,528,1,3,Unable to pay cash on delivery (COD)
06 14 2017,9,491,1,1,Broken Item received
06 14 2017,10,214,1,2,Product Quality not up to mark
06 14 2017,10,477,1,1,Broken Item received
06 15 2017,1,223,1,3,Unable to pay cash on delivery (COD)
06 15 2017,6,220,1,2,Product Quality not up to mark
06 15 2017,6,529,1,1,Broken Item received
06 15 2017,7,475,1,2,Product Quality not up to mark
06 15 2017,7,477,1,1,Broken Item received
06 15 2017,8,485,1,3,Unable to pay cash on delivery (COD)
06 15 2017,9,480,1,1,Broken Item received
06 15 2017,10,478,1,1,Broken Item received
06 16 2017,7,490,1,3,Unable to pay cash on delivery (COD)
06 16 2017,7,535,1,3,Unable to pay cash on delivery (COD)
06 16 2017,8,480,1,3,Unable to pay cash on delivery (COD)
06 16 2017,9,479,1,2,Product Quality not up to mark
06 16 2017,10,466,1,2,Product Quality not up to mark
06 17 2017,1,354,1,1,Broken Item received
06 17 2017,1,481,1,2,Product Quality not up to mark
06 17 2017,9,489,1,2,Product Quality not up to mark
06 17 2017,9,528,1,3,Unable to pay cash on delivery (COD)
06 17 2017,9,535,1,3,Unable to pay cash on delivery (COD)
06 17 2017,10,352,1,2,Product Quality not up to mark
06 17 2017,10,597,1,2,Product Quality not up to mark
06 18 2017,10,535,1,1,Broken Item received
06 19 2017,1,356,1,3,Unable to pay cash on delivery (COD)
06 19 2017,7,462,1,1,Broken Item received
06 19 2017,9,487,1,2,Product Quality not up to mark
06 19 2017,10,563,1,2,Product Quality not up to mark
06 20 2017,1,528,1,3,Unable to pay cash on delivery (COD)
06 20 2017,4,479,1,3,Unable to pay cash on delivery (COD)
06 20 2017,8,586,1,3,Unable to pay cash on delivery (COD)
06 20 2017,9,362,1,2,Product Quality not up to mark
06 21 2017,7,220,1,2,Product Quality not up to mark
06 21 2017,7,593,1,3,Unable to pay cash on delivery (COD)
06 21 2017,8,482,1,1,Broken Item received
06 21 2017,8,536,1,1,Broken Item received
06 21 2017,9,462,1,1,Broken Item received
06 21 2017,9,477,1,3,Unable to pay cash on delivery (COD)
06 21 2017,10,220,1,3,Unable to pay cash on delivery (COD)
06 21 2017,10,477,1,3,Unable to pay cash on delivery (COD)
06 22 2017,1,232,1,2,Product Quality not up to mark
06 22 2017,1,485,1,3,Unable to pay cash on delivery (COD)
06 22 2017,4,529,1,3,Unable to pay cash on delivery (COD)
06 22 2017,6,220,1,2,Product Quality not up to mark
06 22 2017,6,476,1,1,Broken Item received
06 22 2017,6,488,1,2,Product Quality not up to mark
06 22 2017,7,540,1,2,Product Quality not up to mark
06 22 2017,9,477,1,2,Product Quality not up to mark
06 22 2017,9,584,1,2,Product Quality not up to mark
06 23 2017,6,528,1,1,Broken Item received
06 23 2017,9,539,1,2,Product Quality not up to mark
06 23 2017,9,562,1,2,Product Quality not up to mark
06 23 2017,9,563,1,3,Unable to pay cash on delivery (COD)
06 24 2017,1,479,1,3,Unable to pay cash on delivery (COD)
06 24 2017,1,480,1,3,Unable to pay cash on delivery (COD)
06 24 2017,1,485,1,3,Unable to pay cash on delivery (COD)
06 24 2017,1,487,1,3,Unable to pay cash on delivery (COD)
06 24 2017,9,474,1,1,Broken Item received
06 24 2017,10,581,1,1,Broken Item received
06 25 2017,6,223,1,2,Product Quality not up to mark
06 25 2017,7,223,1,2,Product Quality not up to mark
06 25 2017,7,477,1,3,Unable to pay cash on delivery (COD)
06 25 2017,7,529,1,3,Unable to pay cash on delivery (COD)
06 25 2017,9,477,1,2,Product Quality not up to mark
06 25 2017,9,478,1,1,Broken Item received
06 25 2017,9,484,1,3,Unable to pay cash on delivery (COD)
06 25 2017,9,539,1,2,Product Quality not up to mark
06 26 2017,1,472,1,3,Unable to pay cash on delivery (COD)
06 26 2017,6,477,1,2,Product Quality not up to mark
06 26 2017,7,529,1,3,Unable to pay cash on delivery (COD)
06 26 2017,9,538,1,2,Product Quality not up to mark
06 27 2017,4,478,1,2,Product Quality not up to mark
06 27 2017,4,537,1,2,Product Quality not up to mark
06 27 2017,10,220,1,2,Product Quality not up to mark
06 28 2017,1,214,1,1,Broken Item received
06 28 2017,1,480,1,1,Broken Item received
06 28 2017,1,587,1,1,Broken Item received
06 28 2017,4,387,1,1,Broken Item received
06 28 2017,4,528,2,2,Product Quality not up to mark
06 28 2017,7,575,1,3,Unable to pay cash on delivery (COD)
06 28 2017,7,591,1,2,Product Quality not up to mark
06 28 2017,8,381,1,2,Product Quality not up to mark
06 28 2017,10,477,1,1,Broken Item received
06 28 2017,10,487,1,3,Unable to pay cash on delivery (COD)
06 29 2017,4,356,1,2,Product Quality not up to mark
06 29 2017,4,587,1,3,Unable to pay cash on delivery (COD)
06 29 2017,7,477,1,3,Unable to pay cash on delivery (COD)
06 29 2017,7,479,1,1,Broken Item received
06 29 2017,8,541,1,3,Unable to pay cash on delivery (COD)
06 29 2017,9,477,1,3,Unable to pay cash on delivery (COD)
06 30 2017,6,491,1,3,Unable to pay cash on delivery (COD)
06 30 2017,8,477,1,3,Unable to pay cash on delivery (COD)
06 30 2017,9,477,1,1,Broken Item received
06 30 2017,10,223,1,2,Product Quality not up to mark
06 30 2017,10,477,1,3,Unable to pay cash on delivery (COD)
